"session_id","time_start","time_end","practice1_1","penguins","try","time_q_practice1_1","time_q_penguins","time_q_try","time_p_welcome","time_p_practice","time_p_practice1","time_p_Actual1","time_p_end","current_page","prac1_EH","prac1_AA","prac1_A","prac1_BA","prac1_EL","poslinear_1EH","poslinear_1AA","poslinear_1A","poslinear_1BA","poslinear_1EL","poslinear_2EH","poslinear_2AA","poslinear_2A","poslinear_2BA","poslinear_2EL","witch_1EH","witch_1AA","witch_1A","witch_1BA","witch_1EL","witch_2EH","witch_2AA","witch_2A","witch_2BA","witch_2EL","OPhook_1EH","OPhook_1AA","OPhook_1A","OPhook_1BA","OPhook_1EL","OPhook_2EH","OPhook_2AA","OPhook_2A","OPhook_2BA","OPhook_2EL","NegHook_1EH","NegHook_1AA","NegHook_1A","NegHook_1BA","NegHook_1EL","NegHook_2EH","NegHook_2AA","NegHook_2A","NegHook_2BA","NegHook_2EL","Flat_1EH","Flat_1AA","Flat_1A","Flat_1BA","Flat_1EL","Flat_2EH","Flat_2AA","Flat_2A","Flat_2BA","Flat_2EL","NegLinear_1EH","NegLinear_1AA","NegLinear_1A","NegLinear_1BA","NegLinear_1EL","NegLinear_2EH","NegLinear_2AA","NegLinear_2A","NegLinear_2BA","NegLinear_2EL","PosHook_1EH","PosHook_1AA","PosHook_1A","PosHook_1BA","PosHook_1EL","PosHook_2EH","PosHook_2AA","PosHook_2A","PosHook_2BA","PosHook_2EL","time_q_prac1_EH","time_q_prac1_AA","time_q_prac1_A","time_q_prac1_BA","time_q_prac1_EL","time_q_poslinear_1EH","time_q_poslinear_1AA","time_q_poslinear_1A","time_q_poslinear_1BA","time_q_poslinear_1EL","time_q_poslinear_2EH","time_q_poslinear_2AA","time_q_poslinear_2A","time_q_poslinear_2BA","time_q_poslinear_2EL","time_q_witch_1EH","time_q_witch_1AA","time_q_witch_1A","time_q_witch_1BA","time_q_witch_1EL","time_q_witch_2EH","time_q_witch_2AA","time_q_witch_2A","time_q_witch_2BA","time_q_witch_2EL","time_q_OPhook_1EH","time_q_OPhook_1AA","time_q_OPhook_1A","time_q_OPhook_1BA","time_q_OPhook_1EL","time_q_OPhook_2EH","time_q_OPhook_2AA","time_q_OPhook_2A","time_q_OPhook_2BA","time_q_OPhook_2EL","time_q_NegHook_1EH","time_q_NegHook_1AA","time_q_NegHook_1A","time_q_NegHook_1BA","time_q_NegHook_1EL","time_q_NegHook_2EH","time_q_NegHook_2AA","time_q_NegHook_2A","time_q_NegHook_2BA","time_q_NegHook_2EL","time_q_Flat_1EH","time_q_Flat_1AA","time_q_Flat_1A","time_q_Flat_1BA","time_q_Flat_1EL","time_q_Flat_2EH","time_q_Flat_2AA","time_q_Flat_2A","time_q_Flat_2BA","time_q_Flat_2EL","time_q_NegLinear_1EH","time_q_NegLinear_1AA","time_q_NegLinear_1A","time_q_NegLinear_1BA","time_q_NegLinear_1EL","time_q_NegLinear_2EH","time_q_NegLinear_2AA","time_q_NegLinear_2A","time_q_NegLinear_2BA","time_q_NegLinear_2EL","time_q_PosHook_1EH","time_q_PosHook_1AA","time_q_PosHook_1A","time_q_PosHook_1BA","time_q_PosHook_1EL","time_q_PosHook_2EH","time_q_PosHook_2AA","time_q_PosHook_2A","time_q_PosHook_2BA","time_q_PosHook_2EL","time_p_practice2","time_p_PositiveLinear1","time_p_PositiveLinear2","time_p_practice1a","time_p_practice1b","time_p_practice1c","time_p_practice1d","time_p_practice2a","time_p_practice2b","time_p_practice2c","time_p_practice2d","prac1_EH_","time_q_prac1_EH_","prac1_AA_","prac1_A_","prac1_BA_","prac1_EL_","poslinear_1EH_","poslinear_1AA_","poslinear_1A_","poslinear_1BA_","poslinear_1EL_","poslinear_2EH_","poslinear_2AA_","poslinear_2A_","poslinear_2BA_","poslinear_2EL_","witch_1EH_","witch_1AA_","witch_1A_","witch_1BA_","witch_1EL_","witch_2EH_","witch_2AA_","witch_2A_","witch_2BA_","witch_2EL_","OPhook_1EH_","OPhook_1AA_","OPhook_1A_","OPhook_1BA_","OPhook_1EL_","OPhook_2EH_","OPhook_2AA_","OPhook_2A_","OPhook_2BA_","OPhook_2EL_","NegHook_1EH_","NegHook_1AA_","NegHook_1A_","NegHook_1BA_","NegHook_1EL_","NegHook_2EH_","NegHook_2AA_","NegHook_2A_","NegHook_2BA_","NegHook_2EL_","Flat_1EH_","Flat_1AA_","Flat_1A_","Flat_1BA_","Flat_1EL_","Flat_2EH_","Flat_2AA_","Flat_2A_","Flat_2BA_","Flat_2EL_","NegLinear_1EH_","NegLinear_1AA_","NegLinear_1A_","NegLinear_1BA_","NegLinear_1EL_","NegLinear_2EH_","NegLinear_2AA_","NegLinear_2A_","NegLinear_2BA_","NegLinear_2EL_","PosHook_1EH_","PosHook_1AA_","PosHook_1A_","PosHook_1BA_","PosHook_1EL_","PosHook_2EH_","PosHook_2AA_","PosHook_2A_","PosHook_2BA_","PosHook_2EL_","time_q_prac1_AA_","time_q_prac1_A_","time_q_prac1_BA_","time_q_prac1_EL_","time_q_poslinear_1EH_","time_q_poslinear_1AA_","time_q_poslinear_1A_","time_q_poslinear_1BA_","time_q_poslinear_1EL_","time_q_poslinear_2EH_","time_q_poslinear_2AA_","time_q_poslinear_2A_","time_q_poslinear_2BA_","time_q_poslinear_2EL_","time_q_witch_1EH_","time_q_witch_1AA_","time_q_witch_1A_","time_q_witch_1BA_","time_q_witch_1EL_","time_q_witch_2EH_","time_q_witch_2AA_","time_q_witch_2A_","time_q_witch_2BA_","time_q_witch_2EL_","time_q_OPhook_1EH_","time_q_OPhook_1AA_","time_q_OPhook_1A_","time_q_OPhook_1BA_","time_q_OPhook_1EL_","time_q_OPhook_2EH_","time_q_OPhook_2AA_","time_q_OPhook_2A_","time_q_OPhook_2BA_","time_q_OPhook_2EL_","time_q_NegHook_1EH_","time_q_NegHook_1AA_","time_q_NegHook_1A_","time_q_NegHook_1BA_","time_q_NegHook_1EL_","time_q_NegHook_2EH_","time_q_NegHook_2AA_","time_q_NegHook_2A_","time_q_NegHook_2BA_","time_q_NegHook_2EL_","time_q_Flat_1EH_","time_q_Flat_1AA_","time_q_Flat_1A_","time_q_Flat_1BA_","time_q_Flat_1EL_","time_q_Flat_2EH_","time_q_Flat_2AA_","time_q_Flat_2A_","time_q_Flat_2BA_","time_q_Flat_2EL_","time_q_NegLinear_1EH_","time_q_NegLinear_1AA_","time_q_NegLinear_1A_","time_q_NegLinear_1BA_","time_q_NegLinear_1EL_","time_q_NegLinear_2EH_","time_q_NegLinear_2AA_","time_q_NegLinear_2A_","time_q_NegLinear_2BA_","time_q_NegLinear_2EL_","time_q_PosHook_1EH_","time_q_PosHook_1AA_","time_q_PosHook_1A_","time_q_PosHook_1BA_","time_q_PosHook_1EL_","time_q_PosHook_2EH_","time_q_PosHook_2AA_","time_q_PosHook_2A_","time_q_PosHook_2BA_","time_q_PosHook_2EL_","time_p_PositiveLinear1a","time_p_PositiveLinear1b","time_p_PositiveLinear1c","time_p_PositiveLinear1d","time_p_PositiveLinear1e","time_p_PositiveLinear2a","time_p_PositiveLinear2b","time_p_PositiveLinear2c","time_p_PositiveLinear2d","time_p_PositiveLinear2e","time_p_Witch1","time_p_Witch1a","time_p_Witch1b","time_p_Witch1c","time_p_Witch1d","time_p_Witch1e","time_p_Witch2","time_p_Witch2a","time_p_Witch2b","time_p_Witch2c","time_p_Witch2d","time_p_Witch2e","time_p_OppositeHook1","time_p_OppositeHook1a","time_p_OppositeHook1b","time_p_OppositeHook1c","time_p_OppositeHook1d","time_p_OppositeHook1e","time_p_OPhook2","time_p_OPhook2a","time_p_OPhook2b","time_p_OPhook2c","time_p_OPhook2d","time_p_OPhook2e","time_p_Neghook1","time_p_Neghook1a","time_p_Neghook1b","time_p_Neghook1c","time_p_Neghook1d","time_p_Neghook1e","time_p_NegHook2","time_p_NegHook2a","time_p_NegHook2b","time_p_NegHook2c","time_p_NegHook2d","time_p_NegHook2e","time_p_Flat1","time_p_Flat1a","time_p_Flat1b","time_p_Flat1c","time_p_Flat1d","time_p_Flat1e","time_p_Flat2","time_p_Flat2a","time_p_Flat2b","time_p_Flat2c","time_p_Flat2d","time_p_Flat2e","time_p_NegLinear1","time_p_NegLinear1a","time_p_NegLinear1b","time_p_NegLinear1c","time_p_NegLinear1d","time_p_NegLinear1e","time_p_NegLinear2","time_p_NegLinear2a","time_p_NegLinear2b","time_p_NegLinear2c","time_p_NegLinear2d","time_p_NegLinear2e","time_p_PosHook1","time_p_PosHook1a","time_p_PosHook1b","time_p_PosHook1c","time_p_PosHook1d","time_p_PosHook1e","time_p_PosHook2","time_p_PosHook2a","time_p_PosHook2b","time_p_PosHook2c","time_p_PosHook2d","time_p_PosHook2e","browser","ip_address","time_p_kuncel","time_p_kunpractice","time_p_kunpractice1","time_p_kunpractice1a","time_p_kunpractice1b","time_p_kunpractice1c","time_p_kunpractice1d","time_p_kunpractice2","time_p_kunpractice2a","time_p_kunpractice2b","time_p_kunpractice2c","time_p_kunpractice2d","time_p_kunpracticeend","time_p_kunpractice2item","edprac1_EH","edprac1_EH_","edprac2_EH","edprac2_EH_","edposlinear_1EH","edposlinear_1EH_","edposlinear_2EH","edposlinear_2EH_","edwitch_1EH","edwitch_1EH_","edwitch_2EH","edwitch_2EH_","edOPhook_1EH","edOPhook_1EH_","edOPhook_2EH","edOPhook_2EH_","edNegHook_1EH","edNegHook_1EH_","edNegHook_2EH","edNegHook_2EH_","edFlat_1EH","edFlat_1EH_","edFlat_2EH","edFlat_2EH_","edNegLinear_1EH","edNegLinear_1EH_","edNegLinear_2EH","edNegLinear_2EH_","edPosHook_1EH","edPosHook_1EH_","edPosHook_2EH","edPosHook_2EH_","time_q_edprac1_EH","time_q_edprac1_EH_","time_q_edprac2_EH","time_q_edprac2_EH_","time_q_edposlinear_1EH","time_q_edposlinear_1EH_","time_q_edposlinear_2EH","time_q_edposlinear_2EH_","time_q_edwitch_1EH","time_q_edwitch_1EH_","time_q_edwitch_2EH","time_q_edwitch_2EH_","time_q_edOPhook_1EH","time_q_edOPhook_1EH_","time_q_edOPhook_2EH","time_q_edOPhook_2EH_","time_q_edNegHook_1EH","time_q_edNegHook_1EH_","time_q_edNegHook_2EH","time_q_edNegHook_2EH_","time_q_edFlat_1EH","time_q_edFlat_1EH_","time_q_edFlat_2EH","time_q_edFlat_2EH_","time_q_edNegLinear_1EH","time_q_edNegLinear_1EH_","time_q_edNegLinear_2EH","time_q_edNegLinear_2EH_","time_q_edPosHook_1EH","time_q_edPosHook_1EH_","time_q_edPosHook_2EH","time_q_edPosHook_2EH_","time_p_interlude","time_p_edwards","time_p_edpractice","time_p_edpractice1","time_p_edpractice2item","time_p_edpractice2","time_p_edpracticeend","time_p_edPositiveLinear1","time_p_edPositiveLinear1a","time_p_edPositiveLinear2","time_p_edPositiveLinear2a","time_p_edWitch1","time_p_edWitch1a","time_p_edWitch2","time_p_edWitch2a","time_p_edOppositeHook1","time_p_edOppositeHook1a","time_p_edOPhook2","time_p_edOPhook2a","time_p_edNeghook1","time_p_edNeghook1a","time_p_edNegHook2","time_p_edNegHook2a","time_p_edFlat1","time_p_edFlat1a","time_p_edeFlat2","time_p_edFlat2a","time_p_edNegLinear1","time_p_edNegLinear1a","time_p_edNegLinear2","time_p_edNegLinear2a","time_p_edPosHook1","time_p_edPosHook1a","time_p_edPosHook2","time_p_edPosHook2a"
"c74db53d4468339fb0b6a9e81da12967","2025-02-15 16:27:48 UTC","2025-02-15 16:28:40 UTC",,,,,,,"2025-02-15 16:27:48 UTC","2025-02-15 16:27:58 UTC","2025-02-15 16:28:11 UTC","2025-02-15 16:28:26 UTC","2025-02-15 16:28:33 UTC","end",,,,,,,,,,,,,,,,,,,,,,,,,,,,,,,,,,,,,,,,,,,,,,,,,,,,,,,,,,,,,,,,,,,,,,,,,,,,"","","","",,,,,,,,,,,,,,,,,,,,,,,,,,,,,,,,,,,,,,,,,,,,,,,,,,,,,,,,,,,,,,,,,,,,,,,,"","","","","","","","","","","",,"",,,,,,,,,,,,,,,,,,,,,,,,,,,,,,,,,,,,,,,,,,,,,,,,,,,,,,,,,,,,,,,,,,,,,,,,,,,"","","","","","","","","","","","","","","","","","","","","","","","","","","","","","","","","","","","","","","","","","","","","","","","","","","","","","","","","","","","","","","","","","","","","","","","","","","","","","","","","","","","","","","","","","","","","","","","","","","","","","","","","","","","","","","","","","","","","","","","","","","","","","","","","","","","","","","","","","","","","","","","","","","","","","","","","","","","","","","","","","","","","","","","","","","","",,,,,,,,,,,,,,,,,,,,,,,,,,,,,,,,,,,,,,,,,,,,,,,,,,,,,,,,,,,,,,,,,"","","","",,,,,,,,,,,,,,,,,,,,,,,,,,,,,,,
"e99d80eda440b66651faeb0fd3f6e81a","2025-05-03 12:49:04 UTC","2025-05-03 12:49:29 UTC",,,,,,,"2025-05-03 12:49:04 UTC","2025-05-03 12:49:10 UTC","2025-05-03 12:49:17 UTC","","2025-05-03 12:49:23 UTC","end","1",,,,,,,,,,,,,,,,,,,,,,,,,,,,,,,,,,,,,,,,,,,,,,,,,,,,,,,,,,,,,,,,,,,,,,,,,,,"2025-05-03 12:49:21 UTC","","","",,,,,,,,,,,,,,,,,,,,,,,,,,,,,,,,,,,,,,,,,,,,,,,,,,,,,,,,,,,,,,,,,,,,,,,,"","","","","","","","","","","",,"",,,,,,,,,,,,,,,,,,,,,,,,,,,,,,,,,,,,,,,,,,,,,,,,,,,,,,,,,,,,,,,,,,,,,,,,,,,"","","","","","","","","","","","","","","","","","","","","","","","","","","","","","","","","","","","","","","","","","","","","","","","","","","","","","","","","","","","","","","","","","","","","","","","","","","","","","","","","","","","","","","","","","","","","","","","","","","","","","","","","","","","","","","","","","","","","","","","","","","","","","","","","","","","","","","","","","","","","","","","","","","","","","","","","","","","","","","","","","","","","","","","","","","","",,,,,,,,,,,,,,,,,,,,,,,,,,,,,,,,,,,,,,,,,,,,,,,,,,,,,,,,,,,,,,,,,"","","","",,,,,,,,,,,,,,,,,,,,,,,,,,,,,,,
"a2d301717969425556da9b061d3bbe9e","2025-05-03 13:15:37 UTC","2025-05-03 13:17:45 UTC",,,,,,,"2025-05-03 13:15:37 UTC","2025-05-03 13:15:42 UTC","2025-05-03 13:15:45 UTC","","","practice1","3","2",,,,,,,,,,,,,,,,,,,,,,,,,,,,,,,,,,,,,,,,,,,,,,,,,,,,,,,,,,,,,,,,,,,,,,,,,,"2025-05-03 13:15:46 UTC","2025-05-03 13:15:56 UTC","","",,,,,,,,,,,,,,,,,,,,,,,,,,,,,,,,,,,,,,,,,,,,,,,,,,,,,,,,,,,,,,,,,,,,,,,,"","","","","","","","","","","",,"",,,,,,,,,,,,,,,,,,,,,,,,,,,,,,,,,,,,,,,,,,,,,,,,,,,,,,,,,,,,,,,,,,,,,,,,,,,"","","","","","","","","","","","","","","","","","","","","","","","","","","","","","","","","","","","","","","","","","","","","","","","","","","","","","","","","","","","","","","","","","","","","","","","","","","","","","","","","","","","","","","","","","","","","","","","","","","","","","","","","","","","","","","","","","","","","","","","","","","","","","","","","","","","","","","","","","","","","","","","","","","","","","","","","","","","","","","","","","","","","","","","","","","","",,,,,,,,,,,,,,,,,,,,,,,,,,,,,,,,,,,,,,,,,,,,,,,,,,,,,,,,,,,,,,,,,"","","","",,,,,,,,,,,,,,,,,,,,,,,,,,,,,,,
"a9e7a57d31a4094f639c8657cb3c49e9","2025-05-03 13:18:18 UTC","2025-05-03 13:18:37 UTC",,,,,,,"2025-05-03 13:18:18 UTC","2025-05-03 13:18:22 UTC","2025-05-03 13:18:23 UTC","","","practice1","3",,,,,,,,,,,,,,,,,,,,,,,,,,,,,,,,,,,,,,,,,,,,,,,,,,,,,,,,,,,,,,,,,,,,,,,,,,,"2025-05-03 13:18:24 UTC","","","",,,,,,,,,,,,,,,,,,,,,,,,,,,,,,,,,,,,,,,,,,,,,,,,,,,,,,,,,,,,,,,,,,,,,,,,"","","","","","","","","","","",,"",,,,,,,,,,,,,,,,,,,,,,,,,,,,,,,,,,,,,,,,,,,,,,,,,,,,,,,,,,,,,,,,,,,,,,,,,,,"","","","","","","","","","","","","","","","","","","","","","","","","","","","","","","","","","","","","","","","","","","","","","","","","","","","","","","","","","","","","","","","","","","","","","","","","","","","","","","","","","","","","","","","","","","","","","","","","","","","","","","","","","","","","","","","","","","","","","","","","","","","","","","","","","","","","","","","","","","","","","","","","","","","","","","","","","","","","","","","","","","","","","","","","","","","",,,,,,,,,,,,,,,,,,,,,,,,,,,,,,,,,,,,,,,,,,,,,,,,,,,,,,,,,,,,,,,,,"","","","",,,,,,,,,,,,,,,,,,,,,,,,,,,,,,,
"b922d355e3ee0137be02d8d761e10ed9","2025-05-03 13:18:29 UTC","2025-05-03 13:18:37 UTC",,,,,,,"2025-05-03 13:18:29 UTC","2025-05-03 13:18:32 UTC","2025-05-03 13:18:33 UTC","","","practice1","4","3",,,,,,,,,,,,,,,,,,,,,,,,,,,,,,,,,,,,,,,,,,,,,,,,,,,,,,,,,,,,,,,,,,,,,,,,,,"2025-05-03 13:18:34 UTC","2025-05-03 13:18:36 UTC","","",,,,,,,,,,,,,,,,,,,,,,,,,,,,,,,,,,,,,,,,,,,,,,,,,,,,,,,,,,,,,,,,,,,,,,,,"","","","","","","","","","","",,"",,,,,,,,,,,,,,,,,,,,,,,,,,,,,,,,,,,,,,,,,,,,,,,,,,,,,,,,,,,,,,,,,,,,,,,,,,,"","","","","","","","","","","","","","","","","","","","","","","","","","","","","","","","","","","","","","","","","","","","","","","","","","","","","","","","","","","","","","","","","","","","","","","","","","","","","","","","","","","","","","","","","","","","","","","","","","","","","","","","","","","","","","","","","","","","","","","","","","","","","","","","","","","","","","","","","","","","","","","","","","","","","","","","","","","","","","","","","","","","","","","","","","","","",,,,,,,,,,,,,,,,,,,,,,,,,,,,,,,,,,,,,,,,,,,,,,,,,,,,,,,,,,,,,,,,,"","","","",,,,,,,,,,,,,,,,,,,,,,,,,,,,,,,
"01435585486b9cd2d515998d8cc359ae","2025-05-03 13:20:14 UTC","2025-05-03 13:20:41 UTC",,,,,,,"2025-05-03 13:20:14 UTC","2025-05-03 13:20:30 UTC","2025-05-03 13:20:31 UTC","","","practice1","3","5","3","4",,,,,,,,,,,,,,,,,,,,,,,,,,,,,,,,,,,,,,,,,,,,,,,,,,,,,,,,,,,,,,,,,,,,,,,,"2025-05-03 13:20:33 UTC","2025-05-03 13:20:34 UTC","2025-05-03 13:20:36 UTC","2025-05-03 13:20:38 UTC",,,,,,,,,,,,,,,,,,,,,,,,,,,,,,,,,,,,,,,,,,,,,,,,,,,,,,,,,,,,,,,,,,,,,,,,"","","","","","","","","","","",,"",,,,,,,,,,,,,,,,,,,,,,,,,,,,,,,,,,,,,,,,,,,,,,,,,,,,,,,,,,,,,,,,,,,,,,,,,,,"","","","","","","","","","","","","","","","","","","","","","","","","","","","","","","","","","","","","","","","","","","","","","","","","","","","","","","","","","","","","","","","","","","","","","","","","","","","","","","","","","","","","","","","","","","","","","","","","","","","","","","","","","","","","","","","","","","","","","","","","","","","","","","","","","","","","","","","","","","","","","","","","","","","","","","","","","","","","","","","","","","","","","","","","","","","",,,,,,,,,,,,,,,,,,,,,,,,,,,,,,,,,,,,,,,,,,,,,,,,,,,,,,,,,,,,,,,,,"","","","",,,,,,,,,,,,,,,,,,,,,,,,,,,,,,,
"91dbf6eef61e2a49c7141fd9b0158a57","2025-05-03 13:23:48 UTC","2025-05-03 13:24:14 UTC",,,,,,,"2025-05-03 13:23:48 UTC","","","","","",,,,,,,,,,,,,,,,,,,,,,,,,,,,,,,,,,,,,,,,,,,,,,,,,,,,,,,,,,,,,,,,,,,,,,,,,,,,"","","","",,,,,,,,,,,,,,,,,,,,,,,,,,,,,,,,,,,,,,,,,,,,,,,,,,,,,,,,,,,,,,,,,,,,,,,,"","","","","","","","","","","",,"",,,,,,,,,,,,,,,,,,,,,,,,,,,,,,,,,,,,,,,,,,,,,,,,,,,,,,,,,,,,,,,,,,,,,,,,,,,"","","","","","","","","","","","","","","","","","","","","","","","","","","","","","","","","","","","","","","","","","","","","","","","","","","","","","","","","","","","","","","","","","","","","","","","","","","","","","","","","","","","","","","","","","","","","","","","","","","","","","","","","","","","","","","","","","","","","","","","","","","","","","","","","","","","","","","","","","","","","","","","","","","","","","","","","","","","","","","","","","","","","","","","","","","","",,,,,,,,,,,,,,,,,,,,,,,,,,,,,,,,,,,,,,,,,,,,,,,,,,,,,,,,,,,,,,,,,"","","","",,,,,,,,,,,,,,,,,,,,,,,,,,,,,,,
"192577f001265d81beadce6b2e8b524f","2025-05-03 13:24:44 UTC","2025-05-03 13:24:58 UTC",,,,,,,"2025-05-03 13:24:44 UTC","2025-05-03 13:24:49 UTC","2025-05-03 13:24:51 UTC","","","practice1","5",,,,,,,,,,,,,,,,,,,,,,,,,,,,,,,,,,,,,,,,,,,,,,,,,,,,,,,,,,,,,,,,,,,,,,,,,,,"2025-05-03 13:24:57 UTC","","","",,,,,,,,,,,,,,,,,,,,,,,,,,,,,,,,,,,,,,,,,,,,,,,,,,,,,,,,,,,,,,,,,,,,,,,,"","","","","","","","","","","",,"",,,,,,,,,,,,,,,,,,,,,,,,,,,,,,,,,,,,,,,,,,,,,,,,,,,,,,,,,,,,,,,,,,,,,,,,,,,"","","","","","","","","","","","","","","","","","","","","","","","","","","","","","","","","","","","","","","","","","","","","","","","","","","","","","","","","","","","","","","","","","","","","","","","","","","","","","","","","","","","","","","","","","","","","","","","","","","","","","","","","","","","","","","","","","","","","","","","","","","","","","","","","","","","","","","","","","","","","","","","","","","","","","","","","","","","","","","","","","","","","","","","","","","","",,,,,,,,,,,,,,,,,,,,,,,,,,,,,,,,,,,,,,,,,,,,,,,,,,,,,,,,,,,,,,,,,"","","","",,,,,,,,,,,,,,,,,,,,,,,,,,,,,,,
"dad3abbf65433a90ed91101562adc76e","2025-05-20 16:11:44 UTC","2025-05-20 16:14:54 UTC",,,,,,,"2025-05-20 16:11:44 UTC","2025-05-20 16:11:56 UTC","","","","practice",,,,,,,,,,,,,,,,,,,,,,,,,,,,,,,,,,,,,,,,,,,,,,,,,,,,,,,,,,,,,,,,,,,,,,,,,,,,"","","","",,,,,,,,,,,,,,,,,,,,,,,,,,,,,,,,,,,,,,,,,,,,,,,,,,,,,,,,,,,,,,,,,,,,,,,,"","","","","","","","","","","",,"",,,,,,,,,,,,,,,,,,,,,,,,,,,,,,,,,,,,,,,,,,,,,,,,,,,,,,,,,,,,,,,,,,,,,,,,,,,"","","","","","","","","","","","","","","","","","","","","","","","","","","","","","","","","","","","","","","","","","","","","","","","","","","","","","","","","","","","","","","","","","","","","","","","","","","","","","","","","","","","","","","","","","","","","","","","","","","","","","","","","","","","","","","","","","","","","","","","","","","","","","","","","","","","","","","","","","","","","","","","","","","","","","","","","","","","","","","","","","","","","","","","","","","","",,,,,,,,,,,,,,,,,,,,,,,,,,,,,,,,,,,,,,,,,,,,,,,,,,,,,,,,,,,,,,,,,"","","","",,,,,,,,,,,,,,,,,,,,,,,,,,,,,,,
"028d05b3a36d8c26bb4e654ff6b80a8f","2025-05-20 16:15:27 UTC","2025-05-20 16:15:47 UTC",,,,,,,"2025-05-20 16:15:27 UTC","2025-05-20 16:15:32 UTC","2025-05-20 16:15:34 UTC","","2025-05-20 16:15:41 UTC","end","1",,,,,,,,,,,,,,,,,,,,,,,,,,,,,,,,,,,,,,,,,,,,,,,,,,,,,,,,,,,,,,,,,,,,,,,,,,,"2025-05-20 16:15:40 UTC","","","",,,,,,,,,,,,,,,,,,,,,,,,,,,,,,,,,,,,,,,,,,,,,,,,,,,,,,,,,,,,,,,,,,,,,,,,"","","","","","","","","","","",,"",,,,,,,,,,,,,,,,,,,,,,,,,,,,,,,,,,,,,,,,,,,,,,,,,,,,,,,,,,,,,,,,,,,,,,,,,,,"","","","","","","","","","","","","","","","","","","","","","","","","","","","","","","","","","","","","","","","","","","","","","","","","","","","","","","","","","","","","","","","","","","","","","","","","","","","","","","","","","","","","","","","","","","","","","","","","","","","","","","","","","","","","","","","","","","","","","","","","","","","","","","","","","","","","","","","","","","","","","","","","","","","","","","","","","","","","","","","","","","","","","","","","","","","",,,,,,,,,,,,,,,,,,,,,,,,,,,,,,,,,,,,,,,,,,,,,,,,,,,,,,,,,,,,,,,,,"","","","",,,,,,,,,,,,,,,,,,,,,,,,,,,,,,,
"db6ecd23578ad33fccf00e23f0b080fa","2025-05-20 17:10:54 UTC","2025-05-20 17:13:42 UTC",,,,,,,"2025-05-20 17:10:54 UTC","2025-05-20 17:11:00 UTC","2025-05-20 17:11:07 UTC","","","practice1",,,,,,,,,,,,,,,,,,,,,,,,,,,,,,,,,,,,,,,,,,,,,,,,,,,,,,,,,,,,,,,,,,,,,,,,,,,,"","","","",,,,,,,,,,,,,,,,,,,,,,,,,,,,,,,,,,,,,,,,,,,,,,,,,,,,,,,,,,,,,,,,,,,,,,,,"","","","","","","","","","","",,"",,,,,,,,,,,,,,,,,,,,,,,,,,,,,,,,,,,,,,,,,,,,,,,,,,,,,,,,,,,,,,,,,,,,,,,,,,,"","","","","","","","","","","","","","","","","","","","","","","","","","","","","","","","","","","","","","","","","","","","","","","","","","","","","","","","","","","","","","","","","","","","","","","","","","","","","","","","","","","","","","","","","","","","","","","","","","","","","","","","","","","","","","","","","","","","","","","","","","","","","","","","","","","","","","","","","","","","","","","","","","","","","","","","","","","","","","","","","","","","","","","","","","","","",,,,,,,,,,,,,,,,,,,,,,,,,,,,,,,,,,,,,,,,,,,,,,,,,,,,,,,,,,,,,,,,,"","","","",,,,,,,,,,,,,,,,,,,,,,,,,,,,,,,
"1a0ae85c879531202a197ca4730fe4a0","2025-05-20 17:17:31 UTC","2025-05-20 17:22:48 UTC",,,,,,,"2025-05-20 17:17:31 UTC","2025-05-20 17:22:34 UTC","2025-05-20 17:22:36 UTC","","","practice1b","1","2",,,,,,,,,,,,,,,,,,,,,,,,,,,,,,,,,,,,,,,,,,,,,,,,,,,,,,,,,,,,,,,,,,,,,,,,,,"2025-05-20 17:22:39 UTC","2025-05-20 17:22:44 UTC","","",,,,,,,,,,,,,,,,,,,,,,,,,,,,,,,,,,,,,,,,,,,,,,,,,,,,,,,,,,,,,,,,,,,,,,,,"","","","2025-05-20 17:22:40 UTC","2025-05-20 17:22:45 UTC","","","","","","",,"",,,,,,,,,,,,,,,,,,,,,,,,,,,,,,,,,,,,,,,,,,,,,,,,,,,,,,,,,,,,,,,,,,,,,,,,,,,"","","","","","","","","","","","","","","","","","","","","","","","","","","","","","","","","","","","","","","","","","","","","","","","","","","","","","","","","","","","","","","","","","","","","","","","","","","","","","","","","","","","","","","","","","","","","","","","","","","","","","","","","","","","","","","","","","","","","","","","","","","","","","","","","","","","","","","","","","","","","","","","","","","","","","","","","","","","","","","","","","","","","","","","","","","","",,,,,,,,,,,,,,,,,,,,,,,,,,,,,,,,,,,,,,,,,,,,,,,,,,,,,,,,,,,,,,,,,"","","","",,,,,,,,,,,,,,,,,,,,,,,,,,,,,,,
"b4f38e061e9a74597dbaad74855729f3","2025-05-20 17:29:21 UTC","2025-05-20 17:29:44 UTC",,,,,,,"2025-05-20 17:29:21 UTC","2025-05-20 17:29:26 UTC","2025-05-20 17:29:28 UTC","","","practice1",,,,,,,,,,,,,,,,,,,,,,,,,,,,,,,,,,,,,,,,,,,,,,,,,,,,,,,,,,,,,,,,,,,,,,,,,,,,"","","","",,,,,,,,,,,,,,,,,,,,,,,,,,,,,,,,,,,,,,,,,,,,,,,,,,,,,,,,,,,,,,,,,,,,,,,,"","","","","","","","","","","",,"",,,,,,,,,,,,,,,,,,,,,,,,,,,,,,,,,,,,,,,,,,,,,,,,,,,,,,,,,,,,,,,,,,,,,,,,,,,"","","","","","","","","","","","","","","","","","","","","","","","","","","","","","","","","","","","","","","","","","","","","","","","","","","","","","","","","","","","","","","","","","","","","","","","","","","","","","","","","","","","","","","","","","","","","","","","","","","","","","","","","","","","","","","","","","","","","","","","","","","","","","","","","","","","","","","","","","","","","","","","","","","","","","","","","","","","","","","","","","","","","","","","","","","","",,,,,,,,,,,,,,,,,,,,,,,,,,,,,,,,,,,,,,,,,,,,,,,,,,,,,,,,,,,,,,,,,"","","","",,,,,,,,,,,,,,,,,,,,,,,,,,,,,,,
"40a38b0b3de38069204fbbead3d74857","2025-05-20 17:31:30 UTC","2025-05-20 17:31:43 UTC",,,,,,,"2025-05-20 17:31:30 UTC","2025-05-20 17:31:35 UTC","2025-05-20 17:31:38 UTC","","","practice1a",,,,,,,,,,,,,,,,,,,,,,,,,,,,,,,,,,,,,,,,,,,,,,,,,,,,,,,,,,,,,,,,,,,,,,,,,,,,"","","","",,,,,,,,,,,,,,,,,,,,,,,,,,,,,,,,,,,,,,,,,,,,,,,,,,,,,,,,,,,,,,,,,,,,,,,,"","","","2025-05-20 17:31:41 UTC","","","","","","","",,"",,,,,,,,,,,,,,,,,,,,,,,,,,,,,,,,,,,,,,,,,,,,,,,,,,,,,,,,,,,,,,,,,,,,,,,,,,,"","","","","","","","","","","","","","","","","","","","","","","","","","","","","","","","","","","","","","","","","","","","","","","","","","","","","","","","","","","","","","","","","","","","","","","","","","","","","","","","","","","","","","","","","","","","","","","","","","","","","","","","","","","","","","","","","","","","","","","","","","","","","","","","","","","","","","","","","","","","","","","","","","","","","","","","","","","","","","","","","","","","","","","","","","","","",,,,,,,,,,,,,,,,,,,,,,,,,,,,,,,,,,,,,,,,,,,,,,,,,,,,,,,,,,,,,,,,,"","","","",,,,,,,,,,,,,,,,,,,,,,,,,,,,,,,
"12c6a9cd641381fe28887ee98025f1da","2025-05-20 17:35:10 UTC","2025-05-20 17:36:10 UTC",,,,,,,"2025-05-20 17:35:10 UTC","2025-05-20 17:35:25 UTC","2025-05-20 17:35:27 UTC","","","PositiveLinear1","3",,,,,,,,,,,,,,,,,,,,,,,,,,,,,,,,,,,,,,,,,,,,,,,,,,,,,,,,,,,,,,,,,,,,,,,,,,,"2025-05-20 17:35:49 UTC","","","",,,,,,,,,,,,,,,,,,,,,,,,,,,,,,,,,,,,,,,,,,,,,,,,,,,,,,,,,,,,,,,,,,,,,,,,"2025-05-20 17:35:49 UTC","2025-05-20 17:35:55 UTC","","2025-05-20 17:35:32 UTC","2025-05-20 17:35:47 UTC","2025-05-20 17:35:48 UTC","2025-05-20 17:35:49 UTC","2025-05-20 17:35:53 UTC","2025-05-20 17:35:54 UTC","2025-05-20 17:35:54 UTC","2025-05-20 17:35:55 UTC",,"",,,,,,,,,,,,,,,,,,,,,,,,,,,,,,,,,,,,,,,,,,,,,,,,,,,,,,,,,,,,,,,,,,,,,,,,,,,"","","","","","","","","","","","","","","","","","","","","","","","","","","","","","","","","","","","","","","","","","","","","","","","","","","","","","","","","","","","","","","","","","","","","","","","","","","","","","","","","","","","","","","","","","","","","","","","","","","","","","","","","","","","","","","","","","","","","","","","","","","","","","","","","","","","","","","","","","","","","","","","","","","","","","","","","","","","","","","","","","","","","","","","","","","","",,,,,,,,,,,,,,,,,,,,,,,,,,,,,,,,,,,,,,,,,,,,,,,,,,,,,,,,,,,,,,,,,"","","","",,,,,,,,,,,,,,,,,,,,,,,,,,,,,,,
"7e52087ef9f6e0a088c5a5f0c834f136","2025-05-20 17:39:49 UTC","2025-05-20 17:40:20 UTC",,,,,,,"2025-05-20 17:39:49 UTC","2025-05-20 17:39:56 UTC","2025-05-20 17:40:03 UTC","","","practice1a",,,,,,,,,,,,,,,,,,,,,,,,,,,,,,,,,,,,,,,,,,,,,,,,,,,,,,,,,,,,,,,,,,,,,,,,,,,,"","","","",,,,,,,,,,,,,,,,,,,,,,,,,,,,,,,,,,,,,,,,,,,,,,,,,,,,,,,,,,,,,,,,,,,,,,,,"","","","2025-05-20 17:40:10 UTC","","","","","","","","3","2025-05-20 17:40:07 UTC",,,,,,,,,,,,,,,,,,,,,,,,,,,,,,,,,,,,,,,,,,,,,,,,,,,,,,,,,,,,,,,,,,,,,,,,,,,"","","","","","","","","","","","","","","","","","","","","","","","","","","","","","","","","","","","","","","","","","","","","","","","","","","","","","","","","","","","","","","","","","","","","","","","","","","","","","","","","","","","","","","","","","","","","","","","","","","","","","","","","","","","","","","","","","","","","","","","","","","","","","","","","","","","","","","","","","","","","","","","","","","","","","","","","","","","","","","","","","","","","","","","","","","","",,,,,,,,,,,,,,,,,,,,,,,,,,,,,,,,,,,,,,,,,,,,,,,,,,,,,,,,,,,,,,,,,"","","","",,,,,,,,,,,,,,,,,,,,,,,,,,,,,,,
"87dea5784dab4d92e1ccd4aa767c1616","2025-05-20 17:48:02 UTC","2025-05-20 17:48:29 UTC",,,,,,,"2025-05-20 17:48:02 UTC","2025-05-20 17:48:09 UTC","2025-05-20 17:48:11 UTC","","","practice2",,,,,,,,,,,,,,,,,,,,,,,,,,,,,,,,,,,,,,,,,,,,,,,,,,,,,,,,,,,,,,,,,,,,,,,,,,,,"","","","",,,,,,,,,,,,,,,,,,,,,,,,,,,,,,,,,,,,,,,,,,,,,,,,,,,,,,,,,,,,,,,,,,,,,,,,"2025-05-20 17:48:19 UTC","","","2025-05-20 17:48:14 UTC","2025-05-20 17:48:15 UTC","2025-05-20 17:48:15 UTC","2025-05-20 17:48:16 UTC","","","","",,"",,,,,,,,,,,,,,,,,,,,,,,,,,,,,,,,,,,,,,,,,,,,,,,,,,,,,,,,,,,,,,,,,,,,,,,,,,,"","","","","","","","","","","","","","","","","","","","","","","","","","","","","","","","","","","","","","","","","","","","","","","","","","","","","","","","","","","","","","","","","","","","","","","","","","","","","","","","","","","","","","","","","","","","","","","","","","","","","","","","","","","","","","","","","","","","","","","","","","","","","","","","","","","","","","","","","","","","","","","","","","","","","","","","","","","","","","","","","","","","","","","","","","","","",,,,,,,,,,,,,,,,,,,,,,,,,,,,,,,,,,,,,,,,,,,,,,,,,,,,,,,,,,,,,,,,,"","","","",,,,,,,,,,,,,,,,,,,,,,,,,,,,,,,
"f88e27442b566d00f3c3d0c5bc8ac619","2025-05-20 17:54:22 UTC","2025-05-20 17:54:53 UTC",,,,,,,"2025-05-20 17:54:22 UTC","2025-05-20 17:54:33 UTC","2025-05-20 17:54:34 UTC","","","PositiveLinear1a",,,,,,,,,,,,,,,,,,,,,,,,,,,,,,,,,,,,,,,,,,,,,,,,,,,,,,,,,,,,,,,,,,,,,,,,,,,,"","","","",,,,,,,,,,,,,,,,,,,,,,,,,,,,,,,,,,,,,,,,,,,,,,,,,,,,,,,,,,,,,,,,,,,,,,,,"2025-05-20 17:54:38 UTC","2025-05-20 17:54:45 UTC","","2025-05-20 17:54:36 UTC","2025-05-20 17:54:36 UTC","2025-05-20 17:54:36 UTC","2025-05-20 17:54:37 UTC","2025-05-20 17:54:42 UTC","2025-05-20 17:54:43 UTC","2025-05-20 17:54:44 UTC","2025-05-20 17:54:44 UTC",,"",,,,,,,,,,,,,,,,,,,,,,,,,,,,,,,,,,,,,,,,,,,,,,,,,,,,,,,,,,,,,,,,,,,,,,,,,,,"","","","","","","","","","","","","","","","","","","","","","","","","","","","","","","","","","","","","","","","","","","","","","","","","","","","","","","","","","","","","","","","","","","","","","","","","","","2025-05-20 17:54:48 UTC","","","","","","","","","","","","","","","","","","","","","","","","","","","","","","","","","","","","","","","","","","","","","","","","","","","","","","","","","","","","","","","","","","","","","","","","","","","","","","","","","","","","","","","","","","","","","","","","","",,,,,,,,,,,,,,,,,,,,,,,,,,,,,,,,,,,,,,,,,,,,,,,,,,,,,,,,,,,,,,,,,"","","","",,,,,,,,,,,,,,,,,,,,,,,,,,,,,,,
"620601edddf88a56fcb0e70a6dffb29f","2025-05-20 17:54:56 UTC","2025-05-20 17:54:57 UTC",,,,,,,"2025-05-20 17:54:56 UTC","","","","","",,,,,,,,,,,,,,,,,,,,,,,,,,,,,,,,,,,,,,,,,,,,,,,,,,,,,,,,,,,,,,,,,,,,,,,,,,,,"","","","",,,,,,,,,,,,,,,,,,,,,,,,,,,,,,,,,,,,,,,,,,,,,,,,,,,,,,,,,,,,,,,,,,,,,,,,"","","","","","","","","","","",,"",,,,,,,,,,,,,,,,,,,,,,,,,,,,,,,,,,,,,,,,,,,,,,,,,,,,,,,,,,,,,,,,,,,,,,,,,,,"","","","","","","","","","","","","","","","","","","","","","","","","","","","","","","","","","","","","","","","","","","","","","","","","","","","","","","","","","","","","","","","","","","","","","","","","","","","","","","","","","","","","","","","","","","","","","","","","","","","","","","","","","","","","","","","","","","","","","","","","","","","","","","","","","","","","","","","","","","","","","","","","","","","","","","","","","","","","","","","","","","","","","","","","","","","",,,,,,,,,,,,,,,,,,,,,,,,,,,,,,,,,,,,,,,,,,,,,,,,,,,,,,,,,,,,,,,,,"","","","",,,,,,,,,,,,,,,,,,,,,,,,,,,,,,,
"42fc5426ef7510666c96398aeec7ede3","2025-05-20 17:56:45 UTC","2025-05-20 17:57:41 UTC",,,,,,,"2025-05-20 17:56:45 UTC","2025-05-20 17:56:52 UTC","2025-05-20 17:56:53 UTC","","","PositiveLinear1a",,,,,,,,,,,,,,,,,,,,,,,,,,,,,,,,,,,,,,,,,,,,,,,,,,,,,,,,,,,,,,,,,,,,,,,,,,,,"","","","",,,,,,,,,,,,,,,,,,,,,,,,,,,,,,,,,,,,,,,,,,,,,,,,,,,,,,,,,,,,,,,,,,,,,,,,"2025-05-20 17:56:56 UTC","2025-05-20 17:57:32 UTC","","2025-05-20 17:56:55 UTC","2025-05-20 17:56:55 UTC","2025-05-20 17:56:55 UTC","2025-05-20 17:56:56 UTC","2025-05-20 17:57:30 UTC","2025-05-20 17:57:31 UTC","2025-05-20 17:57:31 UTC","2025-05-20 17:57:32 UTC",,"",,,,,,,,,,,,,,,,,,,,,,,,,,,,,,,,,,,,,,,,,,,,,,,,,,,,,,,,,,,,,,,,,,,,,,,,,,,"","","","","","","","","","","","","","","","","","","","","","","","","","","","","","","","","","","","","","","","","","","","","","","","","","","","","","","","","","","","","","","","","","","","","","","","","","","2025-05-20 17:57:35 UTC","","","","","","","","","","","","","","","","","","","","","","","","","","","","","","","","","","","","","","","","","","","","","","","","","","","","","","","","","","","","","","","","","","","","","","","","","","","","","","","","","","","","","","","","","","","","","","","","","",,,,,,,,,,,,,,,,,,,,,,,,,,,,,,,,,,,,,,,,,,,,,,,,,,,,,,,,,,,,,,,,,"","","","",,,,,,,,,,,,,,,,,,,,,,,,,,,,,,,
"771aa7932a111c962031c1ad87c2173f","2025-05-20 18:32:37 UTC","2025-05-20 18:33:40 UTC",,,,,,,"2025-05-20 18:32:37 UTC","2025-05-20 18:32:59 UTC","2025-05-20 18:33:00 UTC","","","OPhook2c",,,,,,,,,,,,,,,,,,,,,,,,,,,,,,,,,,,,,,,,,,,,,,,,,,,,,,,,,,,,,,,,,,,,,,,,,,,,"","","","",,,,,,,,,,,,,,,,,,,,,,,,,,,,,,,,,,,,,,,,,,,,,,,,,,,,,,,,,,,,,,,,,,,,,,,,"2025-05-20 18:33:06 UTC","2025-05-20 18:33:10 UTC","2025-05-20 18:33:19 UTC","2025-05-20 18:33:03 UTC","2025-05-20 18:33:04 UTC","2025-05-20 18:33:05 UTC","2025-05-20 18:33:05 UTC","2025-05-20 18:33:08 UTC","2025-05-20 18:33:09 UTC","2025-05-20 18:33:10 UTC","2025-05-20 18:33:10 UTC",,"",,,,,,,,,,,,,,,,,,,,,,,,,,,,,,,,,,,,,,,,,,,,,,,,,,,,,,,,,,,,,,,,,,,,,,,,,,,"","","","","","","","","","","","","","","","","","","","","","","","","","","","","","","","","","","","","","","","","","","","","","","","","","","","","","","","","","","","","","","","","","","","","","","","","","","2025-05-20 18:33:13 UTC","2025-05-20 18:33:16 UTC","2025-05-20 18:33:16 UTC","2025-05-20 18:33:17 UTC","2025-05-20 18:33:18 UTC","2025-05-20 18:33:21 UTC","2025-05-20 18:33:23 UTC","2025-05-20 18:33:23 UTC","2025-05-20 18:33:23 UTC","2025-05-20 18:33:24 UTC","2025-05-20 18:33:27 UTC","2025-05-20 18:33:28 UTC","2025-05-20 18:33:29 UTC","2025-05-20 18:33:29 UTC","2025-05-20 18:33:30 UTC","2025-05-20 18:33:30 UTC","2025-05-20 18:33:30 UTC","2025-05-20 18:33:32 UTC","2025-05-20 18:33:32 UTC","2025-05-20 18:33:32 UTC","2025-05-20 18:33:33 UTC","2025-05-20 18:33:33 UTC","2025-05-20 18:33:34 UTC","2025-05-20 18:33:35 UTC","2025-05-20 18:33:35 UTC","2025-05-20 18:33:36 UTC","2025-05-20 18:33:36 UTC","2025-05-20 18:33:36 UTC","2025-05-20 18:33:37 UTC","2025-05-20 18:33:38 UTC","2025-05-20 18:33:39 UTC","2025-05-20 18:33:39 UTC","","","","","","","","","","","","","","","","","","","","","","","","","","","","","","","","","","","","","","","","","","","","","","","","","","","","","","","","","","","","","","","","","","",,,,,,,,,,,,,,,,,,,,,,,,,,,,,,,,,,,,,,,,,,,,,,,,,,,,,,,,,,,,,,,,,"","","","",,,,,,,,,,,,,,,,,,,,,,,,,,,,,,,
"8dce36fec2d5f425289c1347130414e9","2025-05-20 18:49:44 UTC","2025-05-20 18:50:08 UTC",,,,,,,"2025-05-20 18:49:44 UTC","","","","","",,,,,,,,,,,,,,,,,,,,,,,,,,,,,,,,,,,,,,,,,,,,,,,,,,,,,,,,,,,,,,,,,,,,,,,,,,,,"","","","",,,,,,,,,,,,,,,,,,,,,,,,,,,,,,,,,,,,,,,,,,,,,,,,,,,,,,,,,,,,,,,,,,,,,,,,"","","","","","","","","","","",,"",,,,,,,,,,,,,,,,,,,,,,,,,,,,,,,,,,,,,,,,,,,,,,,,,,,,,,,,,,,,,,,,,,,,,,,,,,,"","","","","","","","","","","","","","","","","","","","","","","","","","","","","","","","","","","","","","","","","","","","","","","","","","","","","","","","","","","","","","","","","","","","","","","","","","","","","","","","","","","","","","","","","","","","","","","","","","","","","","","","","","","","","","","","","","","","","","","","","","","","","","","","","","","","","","","","","","","","","","","","","","","","","","","","","","","","","","","","","","","","","","","","","","","","",,,,,,,,,,,,,,,,,,,,,,,,,,,,,,,,,,,,,,,,,,,,,,,,,,,,,,,,,,,,,,,,,"","","","",,,,,,,,,,,,,,,,,,,,,,,,,,,,,,,
"032f4d45871fb027455162098b7018eb","2025-05-20 18:51:27 UTC","2025-05-20 18:53:02 UTC",,,,,,,"2025-05-20 18:51:27 UTC","2025-05-20 18:51:42 UTC","2025-05-20 18:51:44 UTC","","2025-05-20 18:52:54 UTC","end",,,,,,,,,,,,,,,,,,,,,,,,,,,,,,,,,,,,,,,,,,,,,,,,,,,,,,,,,,,,,,,,,,,,,,,,,,,,"","","","",,,,,,,,,,,,,,,,,,,,,,,,,,,,,,,,,,,,,,,,,,,,,,,,,,,,,,,,,,,,,,,,,,,,,,,,"2025-05-20 18:51:50 UTC","2025-05-20 18:51:57 UTC","2025-05-20 18:52:04 UTC","2025-05-20 18:51:47 UTC","2025-05-20 18:51:48 UTC","2025-05-20 18:51:48 UTC","2025-05-20 18:51:49 UTC","2025-05-20 18:51:54 UTC","2025-05-20 18:51:55 UTC","2025-05-20 18:51:56 UTC","2025-05-20 18:51:56 UTC",,"",,,,,,,,,,,,,,,,,,,,,,,,,,,,,,,,,,,,,,,,,,,,,,,,,,,,,,,,,,,,,,,,,,,,,,,,,,,"","","","","","","","","","","","","","","","","","","","","","","","","","","","","","","","","","","","","","","","","","","","","","","","","","","","","","","","","","","","","","","","","","","","","","","","","","","2025-05-20 18:52:00 UTC","2025-05-20 18:52:01 UTC","2025-05-20 18:52:02 UTC","2025-05-20 18:52:02 UTC","2025-05-20 18:52:03 UTC","2025-05-20 18:52:06 UTC","2025-05-20 18:52:08 UTC","2025-05-20 18:52:09 UTC","2025-05-20 18:52:09 UTC","2025-05-20 18:52:10 UTC","2025-05-20 18:52:10 UTC","2025-05-20 18:52:12 UTC","2025-05-20 18:52:13 UTC","2025-05-20 18:52:14 UTC","2025-05-20 18:52:14 UTC","2025-05-20 18:52:15 UTC","2025-05-20 18:52:15 UTC","2025-05-20 18:52:17 UTC","2025-05-20 18:52:18 UTC","2025-05-20 18:52:18 UTC","2025-05-20 18:52:19 UTC","2025-05-20 18:52:19 UTC","2025-05-20 18:52:19 UTC","2025-05-20 18:52:20 UTC","2025-05-20 18:52:21 UTC","2025-05-20 18:52:21 UTC","2025-05-20 18:52:22 UTC","2025-05-20 18:52:22 UTC","2025-05-20 18:52:23 UTC","2025-05-20 18:52:24 UTC","2025-05-20 18:52:24 UTC","2025-05-20 18:52:25 UTC","2025-05-20 18:52:25 UTC","2025-05-20 18:52:25 UTC","2025-05-20 18:52:26 UTC","2025-05-20 18:52:27 UTC","2025-05-20 18:52:27 UTC","2025-05-20 18:52:28 UTC","2025-05-20 18:52:28 UTC","2025-05-20 18:52:28 UTC","2025-05-20 18:52:29 UTC","2025-05-20 18:52:30 UTC","2025-05-20 18:52:30 UTC","2025-05-20 18:52:31 UTC","2025-05-20 18:52:31 UTC","2025-05-20 18:52:31 UTC","2025-05-20 18:52:32 UTC","2025-05-20 18:52:33 UTC","2025-05-20 18:52:33 UTC","2025-05-20 18:52:33 UTC","2025-05-20 18:52:34 UTC","2025-05-20 18:52:34 UTC","2025-05-20 18:52:35 UTC","2025-05-20 18:52:37 UTC","2025-05-20 18:52:37 UTC","2025-05-20 18:52:37 UTC","2025-05-20 18:52:38 UTC","2025-05-20 18:52:39 UTC","2025-05-20 18:52:39 UTC","2025-05-20 18:52:40 UTC","2025-05-20 18:52:41 UTC","2025-05-20 18:52:41 UTC","2025-05-20 18:52:41 UTC","2025-05-20 18:52:42 UTC","2025-05-20 18:52:42 UTC","2025-05-20 18:52:43 UTC","2025-05-20 18:52:44 UTC","2025-05-20 18:52:44 UTC","2025-05-20 18:52:45 UTC","2025-05-20 18:52:45 UTC","2025-05-20 18:52:46 UTC","2025-05-20 18:52:47 UTC","2025-05-20 18:52:48 UTC","2025-05-20 18:52:48 UTC","2025-05-20 18:52:48 UTC","2025-05-20 18:52:49 UTC","2025-05-20 18:52:49 UTC","2025-05-20 18:52:51 UTC","2025-05-20 18:52:53 UTC","2025-05-20 18:52:53 UTC","2025-05-20 18:52:53 UTC","2025-05-20 18:52:54 UTC","","","","","","","","","","","","","","","","",,,,,,,,,,,,,,,,,,,,,,,,,,,,,,,,,,,,,,,,,,,,,,,,,,,,,,,,,,,,,,,,,"","","","",,,,,,,,,,,,,,,,,,,,,,,,,,,,,,,
"04d914beb3bda970237cb8a295d20e60","2025-05-20 19:00:34 UTC","2025-05-20 19:01:16 UTC",,,,,,,"2025-05-20 19:00:34 UTC","2025-05-20 19:00:43 UTC","2025-05-20 19:00:46 UTC","","","Witch2d",,,,,,,,,,,,,,,,,,,,,,,,,,,,,,,,,,,,,,,,,,,,,,,,,,,,,,,,,,,,,,,,,,,,,,,,,,,,"","","","",,,,,,,,,,,,,,,,,,,,,,,,,,,,,,,,,,,,,,,,,,,,,,,,,,,,,,,,,,,,,,,,,,,,,,,,"2025-05-20 19:00:56 UTC","2025-05-20 19:01:00 UTC","2025-05-20 19:01:05 UTC","2025-05-20 19:00:54 UTC","2025-05-20 19:00:55 UTC","2025-05-20 19:00:56 UTC","2025-05-20 19:00:56 UTC","2025-05-20 19:00:58 UTC","2025-05-20 19:00:59 UTC","2025-05-20 19:00:59 UTC","2025-05-20 19:01:00 UTC",,"",,,,,,,,,,,,,,,,,,,,,,,,,,,,,,,,,,,,,,,,,,,,,,,,,,,,,,,,,,,,,,,,,,,,,,,,,,,"","","","","","","","","","","","","","","","","","","","","","","","","","","","","","","","","","","","","","","","","","","","","","","","","","","","","","","","","","","","","","","","","","","","","","","","","","","2025-05-20 19:01:02 UTC","2025-05-20 19:01:03 UTC","2025-05-20 19:01:03 UTC","2025-05-20 19:01:04 UTC","2025-05-20 19:01:04 UTC","2025-05-20 19:01:06 UTC","2025-05-20 19:01:07 UTC","2025-05-20 19:01:07 UTC","2025-05-20 19:01:07 UTC","2025-05-20 19:01:08 UTC","2025-05-20 19:01:08 UTC","2025-05-20 19:01:09 UTC","2025-05-20 19:01:10 UTC","2025-05-20 19:01:10 UTC","2025-05-20 19:01:10 UTC","2025-05-20 19:01:11 UTC","2025-05-20 19:01:11 UTC","2025-05-20 19:01:12 UTC","2025-05-20 19:01:13 UTC","2025-05-20 19:01:14 UTC","2025-05-20 19:01:14 UTC","","","","","","","","","","","","","","","","","","","","","","","","","","","","","","","","","","","","","","","","","","","","","","","","","","","","","","","","","","","","","","","","","","","","","","","","","","","","","",,,,,,,,,,,,,,,,,,,,,,,,,,,,,,,,,,,,,,,,,,,,,,,,,,,,,,,,,,,,,,,,,"","","","",,,,,,,,,,,,,,,,,,,,,,,,,,,,,,,
"b29dbe44a061b3b61b95e65b9c93db13","2025-05-21 14:44:55 UTC","2025-05-21 14:45:24 UTC",,,,,,,"2025-05-21 14:44:55 UTC","2025-05-21 14:45:04 UTC","2025-05-21 14:45:06 UTC","","","practice2d",,,,,,,,,,,,,,,,,,,,,,,,,,,,,,,,,,,,,,,,,,,,,,,,,,,,,,,,,,,,,,,,,,,,,,,,,,,,"","","","",,,,,,,,,,,,,,,,,,,,,,,,,,,,,,,,,,,,,,,,,,,,,,,,,,,,,,,,,,,,,,,,,,,,,,,,"2025-05-21 14:45:15 UTC","","","2025-05-21 14:45:12 UTC","2025-05-21 14:45:13 UTC","2025-05-21 14:45:14 UTC","2025-05-21 14:45:14 UTC","2025-05-21 14:45:17 UTC","2025-05-21 14:45:18 UTC","2025-05-21 14:45:19 UTC","2025-05-21 14:45:19 UTC",,"",,,,,,,,,,,,,,,,,,,,,,,,,,,,,,,,,,,,,,,,,,,,,,,,,,,,,,,,,,,,,,,,,,,,,,,,,,,"","","","","","","","","","","","","","","","","","","","","","","","","","","","","","","","","","","","","","","","","","","","","","","","","","","","","","","","","","","","","","","","","","","","","","","","","","","","","","","","","","","","","","","","","","","","","","","","","","","","","","","","","","","","","","","","","","","","","","","","","","","","","","","","","","","","","","","","","","","","","","","","","","","","","","","","","","","","","","","","","","","","","","","","","","","","",,,,,,,,,,,,,,,,,,,,,,,,,,,,,,,,,,,,,,,,,,,,,,,,,,,,,,,,,,,,,,,,,"","","","",,,,,,,,,,,,,,,,,,,,,,,,,,,,,,,
"87b30b0e1f62e9bd11734ad9c7dca9ca","2025-05-21 14:47:24 UTC","2025-05-21 14:48:14 UTC",,,,,,,"2025-05-21 14:47:24 UTC","2025-05-21 14:47:37 UTC","2025-05-21 14:47:39 UTC","","","Witch1a",,,,,,,,,,,,,,,,,,,,,,,,,,,,,,,,,,,,,,,,,,,,,,,,,,,,,,,,,,,,,,,,,,,,,,,,,,,,"","","","",,,,,,,,,,,,,,,,,,,,,,,,,,,,,,,,,,,,,,,,,,,,,,,,,,,,,,,,,,,,,,,,,,,,,,,,"2025-05-21 14:47:49 UTC","2025-05-21 14:47:54 UTC","2025-05-21 14:47:59 UTC","2025-05-21 14:47:41 UTC","2025-05-21 14:47:41 UTC","2025-05-21 14:47:42 UTC","2025-05-21 14:47:48 UTC","2025-05-21 14:47:51 UTC","2025-05-21 14:47:52 UTC","2025-05-21 14:47:53 UTC","2025-05-21 14:47:53 UTC",,"",,,,,,,,,,,,,,,,,,,,,,,,,,,,,,,,,,,,,,,,,,,,,,,,,,,,,,,,,,,,,,,,,,,,,,,,,,,"","","","","","","","","","","","","","","","","","","","","","","","","","","","","","","","","","","","","","","","","","","","","","","","","","","","","","","","","","","","","","","","","","","","","","","","","","","2025-05-21 14:47:56 UTC","2025-05-21 14:47:57 UTC","2025-05-21 14:47:58 UTC","2025-05-21 14:47:58 UTC","2025-05-21 14:47:58 UTC","2025-05-21 14:48:04 UTC","2025-05-21 14:48:08 UTC","2025-05-21 14:48:08 UTC","2025-05-21 14:48:09 UTC","2025-05-21 14:48:09 UTC","2025-05-21 14:48:10 UTC","2025-05-21 14:48:12 UTC","","","","","","","","","","","","","","","","","","","","","","","","","","","","","","","","","","","","","","","","","","","","","","","","","","","","","","","","","","","","","","","","","","","","","","","","","","","","","","","","","","","","","","",,,,,,,,,,,,,,,,,,,,,,,,,,,,,,,,,,,,,,,,,,,,,,,,,,,,,,,,,,,,,,,,,"","","","",,,,,,,,,,,,,,,,,,,,,,,,,,,,,,,
"9ccf7f77eb30ce6c529922a2c1b826b5","2025-05-21 14:55:18 UTC","2025-05-21 14:55:31 UTC",,,,,,,"2025-05-21 14:55:18 UTC","","","","","",,,,,,,,,,,,,,,,,,,,,,,,,,,,,,,,,,,,,,,,,,,,,,,,,,,,,,,,,,,,,,,,,,,,,,,,,,,,"","","","",,,,,,,,,,,,,,,,,,,,,,,,,,,,,,,,,,,,,,,,,,,,,,,,,,,,,,,,,,,,,,,,,,,,,,,,"","","","","","","","","","","",,"",,,,,,,,,,,,,,,,,,,,,,,,,,,,,,,,,,,,,,,,,,,,,,,,,,,,,,,,,,,,,,,,,,,,,,,,,,,"","","","","","","","","","","","","","","","","","","","","","","","","","","","","","","","","","","","","","","","","","","","","","","","","","","","","","","","","","","","","","","","","","","","","","","","","","","","","","","","","","","","","","","","","","","","","","","","","","","","","","","","","","","","","","","","","","","","","","","","","","","","","","","","","","","","","","","","","","","","","","","","","","","","","","","","","","","","","","","","","","","","","","","","","","","","",,,,,,,,,,,,,,,,,,,,,,,,,,,,,,,,,,,,,,,,,,,,,,,,,,,,,,,,,,,,,,,,,"","","","",,,,,,,,,,,,,,,,,,,,,,,,,,,,,,,
"ddfdc91270bf83f34aca9dca59269f11","2025-05-21 14:59:45 UTC","2025-05-21 15:00:10 UTC",,,,,,,"2025-05-21 14:59:45 UTC","2025-05-21 15:00:00 UTC","2025-05-21 15:00:05 UTC","","","practice1a",,,,,,,,,,,,,,,,,,,,,,,,,,,,,,,,,,,,,,,,,,,,,,,,,,,,,,,,,,,,,,,,,,,,,,,,,,,,"","","","",,,,,,,,,,,,,,,,,,,,,,,,,,,,,,,,,,,,,,,,,,,,,,,,,,,,,,,,,,,,,,,,,,,,,,,,"","","","2025-05-21 15:00:07 UTC","","","","","","","",,"",,,,,,,,,,,,,,,,,,,,,,,,,,,,,,,,,,,,,,,,,,,,,,,,,,,,,,,,,,,,,,,,,,,,,,,,,,,"","","","","","","","","","","","","","","","","","","","","","","","","","","","","","","","","","","","","","","","","","","","","","","","","","","","","","","","","","","","","","","","","","","","","","","","","","","","","","","","","","","","","","","","","","","","","","","","","","","","","","","","","","","","","","","","","","","","","","","","","","","","","","","","","","","","","","","","","","","","","","","","","","","","","","","","","","","","","","","","","","","","","","","","","","","","",,,,,,,,,,,,,,,,,,,,,,,,,,,,,,,,,,,,,,,,,,,,,,,,,,,,,,,,,,,,,,,,,"","","","",,,,,,,,,,,,,,,,,,,,,,,,,,,,,,,
"4368c0d652b0eaccf9fc3e470c1524a3","2025-05-21 15:00:26 UTC","2025-05-21 15:00:33 UTC",,,,,,,"2025-05-21 15:00:26 UTC","","","","","",,,,,,,,,,,,,,,,,,,,,,,,,,,,,,,,,,,,,,,,,,,,,,,,,,,,,,,,,,,,,,,,,,,,,,,,,,,,"","","","",,,,,,,,,,,,,,,,,,,,,,,,,,,,,,,,,,,,,,,,,,,,,,,,,,,,,,,,,,,,,,,,,,,,,,,,"","","","","","","","","","","",,"",,,,,,,,,,,,,,,,,,,,,,,,,,,,,,,,,,,,,,,,,,,,,,,,,,,,,,,,,,,,,,,,,,,,,,,,,,,"","","","","","","","","","","","","","","","","","","","","","","","","","","","","","","","","","","","","","","","","","","","","","","","","","","","","","","","","","","","","","","","","","","","","","","","","","","","","","","","","","","","","","","","","","","","","","","","","","","","","","","","","","","","","","","","","","","","","","","","","","","","","","","","","","","","","","","","","","","","","","","","","","","","","","","","","","","","","","","","","","","","","","","","","","","","",,,,,,,,,,,,,,,,,,,,,,,,,,,,,,,,,,,,,,,,,,,,,,,,,,,,,,,,,,,,,,,,,"","","","",,,,,,,,,,,,,,,,,,,,,,,,,,,,,,,
"1ef8b596dfc753ae7a116e95a6a90272","2025-05-21 15:01:13 UTC","2025-05-21 15:01:28 UTC",,,,,,,"2025-05-21 15:01:13 UTC","2025-05-21 15:01:25 UTC","","","","practice",,,,,,,,,,,,,,,,,,,,,,,,,,,,,,,,,,,,,,,,,,,,,,,,,,,,,,,,,,,,,,,,,,,,,,,,,,,,"","","","",,,,,,,,,,,,,,,,,,,,,,,,,,,,,,,,,,,,,,,,,,,,,,,,,,,,,,,,,,,,,,,,,,,,,,,,"","","","","","","","","","","",,"",,,,,,,,,,,,,,,,,,,,,,,,,,,,,,,,,,,,,,,,,,,,,,,,,,,,,,,,,,,,,,,,,,,,,,,,,,,"","","","","","","","","","","","","","","","","","","","","","","","","","","","","","","","","","","","","","","","","","","","","","","","","","","","","","","","","","","","","","","","","","","","","","","","","","","","","","","","","","","","","","","","","","","","","","","","","","","","","","","","","","","","","","","","","","","","","","","","","","","","","","","","","","","","","","","","","","","","","","","","","","","","","","","","","","","","","","","","","","","","","","","","","","","","",,,,,,,,,,,,,,,,,,,,,,,,,,,,,,,,,,,,,,,,,,,,,,,,,,,,,,,,,,,,,,,,,"","","","",,,,,,,,,,,,,,,,,,,,,,,,,,,,,,,
"b1d744646be09b97e5564a304f170bab","2025-05-21 15:02:44 UTC","2025-05-21 15:03:04 UTC",,,,,,,"2025-05-21 15:02:44 UTC","2025-05-21 15:02:58 UTC","2025-05-21 15:03:01 UTC","","","practice1",,,,,,,,,,,,,,,,,,,,,,,,,,,,,,,,,,,,,,,,,,,,,,,,,,,,,,,,,,,,,,,,,,,,,,,,,,,,"","","","",,,,,,,,,,,,,,,,,,,,,,,,,,,,,,,,,,,,,,,,,,,,,,,,,,,,,,,,,,,,,,,,,,,,,,,,"","","","","","","","","","","",,"",,,,,,,,,,,,,,,,,,,,,,,,,,,,,,,,,,,,,,,,,,,,,,,,,,,,,,,,,,,,,,,,,,,,,,,,,,,"","","","","","","","","","","","","","","","","","","","","","","","","","","","","","","","","","","","","","","","","","","","","","","","","","","","","","","","","","","","","","","","","","","","","","","","","","","","","","","","","","","","","","","","","","","","","","","","","","","","","","","","","","","","","","","","","","","","","","","","","","","","","","","","","","","","","","","","","","","","","","","","","","","","","","","","","","","","","","","","","","","","","","","","","","","","",,,,,,,,,,,,,,,,,,,,,,,,,,,,,,,,,,,,,,,,,,,,,,,,,,,,,,,,,,,,,,,,,"","","","",,,,,,,,,,,,,,,,,,,,,,,,,,,,,,,
"6c5334da7976628b972149a263ae5e6d","2025-05-21 15:04:42 UTC","2025-05-21 15:05:07 UTC",,,,,,,"2025-05-21 15:04:42 UTC","2025-05-21 15:04:53 UTC","2025-05-21 15:05:00 UTC","","","practice1",,,,,,,,,,,,,,,,,,,,,,,,,,,,,,,,,,,,,,,,,,,,,,,,,,,,,,,,,,,,,,,,,,,,,,,,,,,,"","","","",,,,,,,,,,,,,,,,,,,,,,,,,,,,,,,,,,,,,,,,,,,,,,,,,,,,,,,,,,,,,,,,,,,,,,,,"","","","","","","","","","","",,"",,,,,,,,,,,,,,,,,,,,,,,,,,,,,,,,,,,,,,,,,,,,,,,,,,,,,,,,,,,,,,,,,,,,,,,,,,,"","","","","","","","","","","","","","","","","","","","","","","","","","","","","","","","","","","","","","","","","","","","","","","","","","","","","","","","","","","","","","","","","","","","","","","","","","","","","","","","","","","","","","","","","","","","","","","","","","","","","","","","","","","","","","","","","","","","","","","","","","","","","","","","","","","","","","","","","","","","","","","","","","","","","","","","","","","","","","","","","","","","","","","","","","","","",,,,,,,,,,,,,,,,,,,,,,,,,,,,,,,,,,,,,,,,,,,,,,,,,,,,,,,,,,,,,,,,,"","","","",,,,,,,,,,,,,,,,,,,,,,,,,,,,,,,
"028750e0fa4e617129826c5cd0dc2065","2025-05-21 15:08:43 UTC","2025-05-21 15:09:06 UTC",,,,,,,"2025-05-21 15:08:43 UTC","2025-05-21 15:08:52 UTC","2025-05-21 15:08:54 UTC","","","PositiveLinear1b",,,,,,,,,,,,,,,,,,,,,,,,,,,,,,,,,,,,,,,,,,,,,,,,,,,,,,,,,,,,,,,,,,,,,,,,,,,,"","","","",,,,,,,,,,,,,,,,,,,,,,,,,,,,,,,,,,,,,,,,,,,,,,,,,,,,,,,,,,,,,,,,,,,,,,,,"2025-05-21 15:08:57 UTC","2025-05-21 15:09:01 UTC","","2025-05-21 15:08:55 UTC","2025-05-21 15:08:55 UTC","2025-05-21 15:08:56 UTC","2025-05-21 15:08:56 UTC","2025-05-21 15:08:59 UTC","2025-05-21 15:09:00 UTC","2025-05-21 15:09:00 UTC","2025-05-21 15:09:01 UTC",,"",,,,,,,,,,,,,,,,,,,,,,,,,,,,,,,,,,,,,,,,,,,,,,,,,,,,,,,,,,,,,,,,,,,,,,,,,,,"","","","","","","","","","","","","","","","","","","","","","","","","","","","","","","","","","","","","","","","","","","","","","","","","","","","","","","","","","","","","","","","","","","","","","","","","","","2025-05-21 15:09:03 UTC","2025-05-21 15:09:04 UTC","","","","","","","","","","","","","","","","","","","","","","","","","","","","","","","","","","","","","","","","","","","","","","","","","","","","","","","","","","","","","","","","","","","","","","","","","","","","","","","","","","","","","","","","","","","","","","","","",,,,,,,,,,,,,,,,,,,,,,,,,,,,,,,,,,,,,,,,,,,,,,,,,,,,,,,,,,,,,,,,,"","","","",,,,,,,,,,,,,,,,,,,,,,,,,,,,,,,
"ce801b811b2fffa131f191b08119fc4d","2025-05-21 15:30:21 UTC","2025-05-21 15:30:35 UTC",,,,,,,"2025-05-21 15:30:21 UTC","2025-05-21 15:30:31 UTC","2025-05-21 15:30:32 UTC","","","practice1d",,,,,,,,,,,,,,,,,,,,,,,,,,,,,,,,,,,,,,,,,,,,,,,,,,,,,,,,,,,,,,,,,,,,,,,,,,,,"","","","",,,,,,,,,,,,,,,,,,,,,,,,,,,,,,,,,,,,,,,,,,,,,,,,,,,,,,,,,,,,,,,,,,,,,,,,"","","","2025-05-21 15:30:33 UTC","2025-05-21 15:30:33 UTC","2025-05-21 15:30:34 UTC","2025-05-21 15:30:34 UTC","","","","",,"",,,,,,,,,,,,,,,,,,,,,,,,,,,,,,,,,,,,,,,,,,,,,,,,,,,,,,,,,,,,,,,,,,,,,,,,,,,"","","","","","","","","","","","","","","","","","","","","","","","","","","","","","","","","","","","","","","","","","","","","","","","","","","","","","","","","","","","","","","","","","","","","","","","","","","","","","","","","","","","","","","","","","","","","","","","","","","","","","","","","","","","","","","","","","","","","","","","","","","","","","","","","","","","","","","","","","","","","","","","","","","","","","","","","","","","","","","","","","","","","","","","","","","","",,,,,,,,,,,,,,,,,,,,,,,,,,,,,,,,,,,,,,,,,,,,,,,,,,,,,,,,,,,,,,,,,"","","","",,,,,,,,,,,,,,,,,,,,,,,,,,,,,,,
"8b06ebc055124743347b5e96cb76b278","2026-02-27 15:38:30 UTC","2026-02-27 16:07:42 UTC",,,,,,,"2026-02-27 15:38:30 UTC","","","","","kunpracticeend",,,,,,,,,,,,,,,,,,,,,,,,,,,,,,,,,,,,,,,,,,,,,,,,,,,,,,,,,,,,,,,,,,,,,,,,,,,,"","","","",,,,,,,,,,,,,,,,,,,,,,,,,,,,,,,,,,,,,,,,,,,,,,,,,,,,,,,,,,,,,,,,,,,,,,,,"","","","","","","","","","","","3","2026-02-27 15:39:04 UTC","3","3","2","2",,,,,,,,,,,,,,,,,,,,,,,,,,,,,,,,,,,,,,,,,,,,,,,,,,,,,,,,,,,,,,,,,,,,,,,"2026-02-27 15:39:06 UTC","2026-02-27 15:39:07 UTC","2026-02-27 15:39:08 UTC","2026-02-27 15:39:09 UTC","","","","","","","","","","","","","","","","","","","","","","","","","","","","","","","","","","","","","","","","","","","","","","","","","","","","","","","","","","","","","","","","","","","","","","","","","","","","","","","","","","","","","","","","","","","","","","","","","","","","","","","","","","","","","","","","","","","","","","","","","","","","","","","","","","","","","","","","","","","","","","","","","","","","","","","","","Electron v31, Windows","127.0.0.1","2026-02-24 18:36:40 UTC","2026-02-24 18:36:45 UTC","2026-02-24 18:36:49 UTC","2026-02-27 15:38:48 UTC","2026-02-27 15:38:52 UTC","2026-02-27 15:38:57 UTC","2026-02-27 15:39:00 UTC","2026-02-27 15:39:02 UTC","2026-02-27 15:39:05 UTC","2026-02-27 15:39:06 UTC","2026-02-27 15:39:07 UTC","2026-02-27 15:39:08 UTC","2026-02-27 15:39:09 UTC","",,,,,,,,,,,,,,,,,,,,,,,,,,,,,,,,,,,,,,,,,,,,,,,,,,,,,,,,,,,,,,,,,"","","","",,,,,,,,,,,,,,,,,,,,,,,,,,,,,,,
"a36d1b135555ed3841e78850374ea4d8","2026-02-27 16:20:32 UTC","2026-02-27 16:31:25 UTC",,,,,,,"2026-02-27 16:20:32 UTC","","","","","",,,,,,,,,,,,,,,,,,,,,,,,,,,,,,,,,,,,,,,,,,,,,,,,,,,,,,,,,,,,,,,,,,,,,,,,,,,,"","","","",,,,,,,,,,,,,,,,,,,,,,,,,,,,,,,,,,,,,,,,,,,,,,,,,,,,,,,,,,,,,,,,,,,,,,,,"","","","","","","","","","","",,"",,,,,,,,,,,,,,,,,,,,,,,,,,,,,,,,,,,,,,,,,,,,,,,,,,,,,,,,,,,,,,,,,,,,,,,,,,,"","","","","","","","","","","","","","","","","","","","","","","","","","","","","","","","","","","","","","","","","","","","","","","","","","","","","","","","","","","","","","","","","","","","","","","","","","","","","","","","","","","","","","","","","","","","","","","","","","","","","","","","","","","","","","","","","","","","","","","","","","","","","","","","","","","","","","","","","","","","","","","","","","","","","","","","","","","","","Electron v31, Windows","127.0.0.1","","","","","","","","","","","","","","",,,,,,,,,,,,,,,,,,,,,,,,,,,,,,,,,,,,,,,,,,,,,,,,,,,,,,,,,,,,,,,,,"","","","",,,,,,,,,,,,,,,,,,,,,,,,,,,,,,,
"e0b239eb6642b512180c5b0cc10c211d","2026-02-27 16:39:28 UTC","2026-02-27 16:58:21 UTC",,,,,,,"2026-02-27 16:39:28 UTC","","","","","kunpracticeend",,,,,,,,,,,,,,,,,,,,,,,,,,,,,,,,,,,,,,,,,,,,,,,,,,,,,,,,,,,,,,,,,,,,,,,,,,,,"","","","",,,,,,,,,,,,,,,,,,,,,,,,,,,,,,,,,,,,,,,,,,,,,,,,,,,,,,,,,,,,,,,,,,,,,,,,"","","","","","","","","","","","3","2026-02-27 16:50:44 UTC","4","2","1","3",,,,,,,,,,,,,,,,,,,,,,,,,,,,,,,,,,,,,,,,,,,,,,,,,,,,,,,,,,,,,,,,,,,,,,,"2026-02-27 16:51:31 UTC","2026-02-27 16:51:32 UTC","2026-02-27 16:51:34 UTC","2026-02-27 16:51:36 UTC","","","","","","","","","","","","","","","","","","","","","","","","","","","","","","","","","","","","","","","","","","","","","","","","","","","","","","","","","","","","","","","","","","","","","","","","","","","","","","","","","","","","","","","","","","","","","","","","","","","","","","","","","","","","","","","","","","","","","","","","","","","","","","","","","","","","","","","","","","","","","","","","","","","","","","","","","Electron v31, Windows","127.0.0.1","2026-02-27 16:41:41 UTC","2026-02-27 16:41:53 UTC","2026-02-27 16:50:16 UTC","2026-02-27 16:50:29 UTC","2026-02-27 16:50:33 UTC","2026-02-27 16:50:36 UTC","2026-02-27 16:50:40 UTC","2026-02-27 16:50:42 UTC","2026-02-27 16:51:29 UTC","2026-02-27 16:51:31 UTC","2026-02-27 16:51:33 UTC","2026-02-27 16:51:35 UTC","2026-02-27 16:51:52 UTC","",,,,,,,,,,,,,,,,,,,,,,,,,,,,,,,,,,,,,,,,,,,,,,,,,,,,,,,,,,,,,,,,,"","","","",,,,,,,,,,,,,,,,,,,,,,,,,,,,,,,
"000f1cf98cc3b3c3138e9452cd999acd","2026-02-27 17:56:06 UTC","2026-02-27 18:05:03 UTC",,,,,,,"2026-02-27 17:56:06 UTC","","","","","kunpractice2item",,,,,,,,,,,,,,,,,,,,,,,,,,,,,,,,,,,,,,,,,,,,,,,,,,,,,,,,,,,,,,,,,,,,,,,,,,,,"","","","",,,,,,,,,,,,,,,,,,,,,,,,,,,,,,,,,,,,,,,,,,,,,,,,,,,,,,,,,,,,,,,,,,,,,,,,"","","","","","","","","","","",,"",,,,,,,,,,,,,,,,,,,,,,,,,,,,,,,,,,,,,,,,,,,,,,,,,,,,,,,,,,,,,,,,,,,,,,,,,,,"","","","","","","","","","","","","","","","","","","","","","","","","","","","","","","","","","","","","","","","","","","","","","","","","","","","","","","","","","","","","","","","","","","","","","","","","","","","","","","","","","","","","","","","","","","","","","","","","","","","","","","","","","","","","","","","","","","","","","","","","","","","","","","","","","","","","","","","","","","","","","","","","","","","","","","","","","","","","Electron v31, Windows","127.0.0.1","2026-02-27 18:02:45 UTC","2026-02-27 18:02:54 UTC","2026-02-27 18:03:10 UTC","2026-02-27 18:03:12 UTC","2026-02-27 18:03:13 UTC","2026-02-27 18:03:14 UTC","2026-02-27 18:03:14 UTC","","","","","","","2026-02-27 18:03:15 UTC",,,,,,,,,,,,,,,,,,,,,,,,,,,,,,,,,,,,,,,,,,,,,,,,,,,,,,,,,,,,,,,,,"","","","",,,,,,,,,,,,,,,,,,,,,,,,,,,,,,,
"36b2281f0a42df377639a5dc35a69bd8","2026-02-27 18:05:04 UTC","2026-02-27 18:06:05 UTC",,,,,,,"2026-02-27 18:05:04 UTC","","","","","kunpractice2item",,,,,,,,,,,,,,,,,,,,,,,,,,,,,,,,,,,,,,,,,,,,,,,,,,,,,,,,,,,,,,,,,,,,,,,,,,,,"","","","",,,,,,,,,,,,,,,,,,,,,,,,,,,,,,,,,,,,,,,,,,,,,,,,,,,,,,,,,,,,,,,,,,,,,,,,"","","","","","","","","","","",,"",,,,,,,,,,,,,,,,,,,,,,,,,,,,,,,,,,,,,,,,,,,,,,,,,,,,,,,,,,,,,,,,,,,,,,,,,,,"","","","","","","","","","","","","","","","","","","","","","","","","","","","","","","","","","","","","","","","","","","","","","","","","","","","","","","","","","","","","","","","","","","","","","","","","","","","","","","","","","","","","","","","","","","","","","","","","","","","","","","","","","","","","","","","","","","","","","","","","","","","","","","","","","","","","","","","","","","","","","","","","","","","","","","","","","","","","Electron v31, Windows","127.0.0.1","2026-02-27 18:05:18 UTC","2026-02-27 18:05:21 UTC","2026-02-27 18:05:22 UTC","2026-02-27 18:05:24 UTC","2026-02-27 18:05:24 UTC","2026-02-27 18:05:25 UTC","2026-02-27 18:05:25 UTC","","","","","","","2026-02-27 18:05:26 UTC",,,,,,,,,,,,,,,,,,,,,,,,,,,,,,,,,,,,,,,,,,,,,,,,,,,,,,,,,,,,,,,,,"","","","",,,,,,,,,,,,,,,,,,,,,,,,,,,,,,,
"c677e185585b6664b428687a4e78e101","2026-02-27 18:58:40 UTC","2026-02-27 19:08:29 UTC",,,,,,,"2026-02-27 18:58:40 UTC","","","","","kunpractice2item",,,,,,,,,,,,,,,,,,,,,,,,,,,,,,,,,,,,,,,,,,,,,,,,,,,,,,,,,,,,,,,,,,,,,,,,,,,,"","","","",,,,,,,,,,,,,,,,,,,,,,,,,,,,,,,,,,,,,,,,,,,,,,,,,,,,,,,,,,,,,,,,,,,,,,,,"","","","","","","","","","","","3","2026-02-27 18:59:42 UTC","2","3","4","5",,,,,,,,,,,,,,,,,,,,,,,,,,,,,,,,,,,,,,,,,,,,,,,,,,,,,,,,,,,,,,,,,,,,,,,"2026-02-27 18:59:43 UTC","2026-02-27 18:59:46 UTC","2026-02-27 18:59:47 UTC","2026-02-27 18:59:49 UTC","","","","","","","","","","","","","","","","","","","","","","","","","","","","","","","","","","","","","","","","","","","","","","","","","","","","","","","","","","","","","","","","","","","","","","","","","","","","","","","","","","","","","","","","","","","","","","","","","","","","","","","","","","","","","","","","","","","","","","","","","","","","","","","","","","","","","","","","","","","","","","","","","","","","","","","","","Electron v31, Windows","127.0.0.1","2026-02-27 18:58:45 UTC","2026-02-27 18:58:47 UTC","2026-02-27 18:59:40 UTC","2026-02-27 18:59:42 UTC","2026-02-27 18:59:44 UTC","2026-02-27 18:59:46 UTC","2026-02-27 18:59:48 UTC","","","","","","","2026-02-27 18:59:50 UTC",,,,,,,,,,,,,,,,,,,,,,,,,,,,,,,,,,,,,,,,,,,,,,,,,,,,,,,,,,,,,,,,,"","","","",,,,,,,,,,,,,,,,,,,,,,,,,,,,,,,
"248fd54860b6f51a8c1a01b88dc53400","2026-02-27 23:30:32 UTC","2026-02-27 23:34:43 UTC",,,,,,,"2026-02-27 23:30:32 UTC","","","","","PositiveLinear2e",,,,,,,,,,,,,,,,,,,,,,,,,,,,,,,,,,,,,,,,,,,,,,,,,,,,,,,,,,,,,,,,,,,,,,,,,,,,"","","","",,,,,,,,,,,,,,,,,,,,,,,,,,,,,,,,,,,,,,,,,,,,,,,,,,,,,,,,,,,,,,,,,,,,,,,,"","2026-02-27 23:33:34 UTC","2026-02-27 23:34:36 UTC","","","","","","","","","1","2026-02-27 23:31:57 UTC","3","4","5","2","2","3","1",,"2",,,,,,,,,,,,,,,,,,,,,,,,,,,,,,,,,,,,,,,,,,,,,,,,,,,,,,,,,,,,,,,,,,"2026-02-27 23:31:59 UTC","2026-02-27 23:32:01 UTC","2026-02-27 23:32:04 UTC","2026-02-27 23:32:06 UTC","2026-02-27 23:34:30 UTC","2026-02-27 23:34:31 UTC","2026-02-27 23:34:32 UTC","","2026-02-27 23:34:35 UTC","","","","","","","","","","","","","","","","","","","","","","","","","","","","","","","","","","","","","","","","","","","","","","","","","","","","","","","","","","","","","","","","","","2026-02-27 23:34:28 UTC","2026-02-27 23:34:30 UTC","2026-02-27 23:34:31 UTC","2026-02-27 23:34:33 UTC","2026-02-27 23:34:34 UTC","2026-02-27 23:34:38 UTC","2026-02-27 23:34:39 UTC","2026-02-27 23:34:41 UTC","2026-02-27 23:34:41 UTC","2026-02-27 23:34:42 UTC","","","","","","","","","","","","","","","","","","","","","","","","","","","","","","","","","","","","","","","","","","","","","","","","","","","","","","","","","","","","","","","","","","","","","","","","","Electron v31, Windows","127.0.0.1","2026-02-27 23:30:42 UTC","2026-02-27 23:30:45 UTC","2026-02-27 23:31:37 UTC","2026-02-27 23:31:39 UTC","2026-02-27 23:31:40 UTC","2026-02-27 23:31:44 UTC","2026-02-27 23:31:47 UTC","2026-02-27 23:31:55 UTC","2026-02-27 23:31:58 UTC","2026-02-27 23:31:59 UTC","2026-02-27 23:32:01 UTC","2026-02-27 23:32:05 UTC","2026-02-27 23:32:07 UTC","2026-02-27 23:31:49 UTC",,,,,,,,,,,,,,,,,,,,,,,,,,,,,,,,,,,,,,,,,,,,,,,,,,,,,,,,,,,,,,,,,"","","","",,,,,,,,,,,,,,,,,,,,,,,,,,,,,,,
"2e07c761de28690c2637ff68db0120c9","2026-02-28 14:55:13 UTC","2026-02-28 14:58:45 UTC",,,,,,,"2026-02-28 14:55:13 UTC","","","","2026-02-28 14:58:39 UTC","end",,,,,,,,,,,,,,,,,,,,,,,,,,,,,,,,,,,,,,,,,,,,,,,,,,,,,,,,,,,,,,,,,,,,,,,,,,,,"","","","",,,,,,,,,,,,,,,,,,,,,,,,,,,,,,,,,,,,,,,,,,,,,,,,,,,,,,,,,,,,,,,,,,,,,,,,"","2026-02-28 14:56:17 UTC","2026-02-28 14:56:33 UTC","","","","","","","","","2","2026-02-28 14:56:01 UTC","4","2","4","2","2","4","1","5","3","2","3","4","5","1","1","2","3","4","5","1","2","3","4","5","1","2","3","4","5","1","2","3","4","5","1","2","3","4","5","1","2","3","4","5","1","2","3","4","5","1","2","3","4","5","1","2","3","4","5","1","2","3","4","5","1","2","3","4","5","1","2","3","4","5","2026-02-28 14:56:02 UTC","2026-02-28 14:56:04 UTC","2026-02-28 14:56:05 UTC","2026-02-28 14:56:06 UTC","2026-02-28 14:56:25 UTC","2026-02-28 14:56:27 UTC","2026-02-28 14:56:29 UTC","2026-02-28 14:56:30 UTC","2026-02-28 14:56:32 UTC","2026-02-28 14:56:36 UTC","2026-02-28 14:56:37 UTC","2026-02-28 14:56:39 UTC","2026-02-28 14:56:41 UTC","2026-02-28 14:56:44 UTC","2026-02-28 14:56:49 UTC","2026-02-28 14:56:50 UTC","2026-02-28 14:56:52 UTC","2026-02-28 14:56:53 UTC","2026-02-28 14:56:55 UTC","2026-02-28 14:56:58 UTC","2026-02-28 14:56:59 UTC","2026-02-28 14:57:00 UTC","2026-02-28 14:57:02 UTC","2026-02-28 14:57:03 UTC","2026-02-28 14:57:07 UTC","2026-02-28 14:57:09 UTC","2026-02-28 14:57:10 UTC","2026-02-28 14:57:12 UTC","2026-02-28 14:57:14 UTC","2026-02-28 14:57:17 UTC","2026-02-28 14:57:19 UTC","2026-02-28 14:57:22 UTC","2026-02-28 14:57:23 UTC","2026-02-28 14:57:24 UTC","2026-02-28 14:57:28 UTC","2026-02-28 14:57:30 UTC","2026-02-28 14:57:31 UTC","2026-02-28 14:57:33 UTC","2026-02-28 14:57:34 UTC","2026-02-28 14:57:37 UTC","2026-02-28 14:57:38 UTC","2026-02-28 14:57:40 UTC","2026-02-28 14:57:42 UTC","2026-02-28 14:57:43 UTC","2026-02-28 14:57:48 UTC","2026-02-28 14:57:49 UTC","2026-02-28 14:57:50 UTC","2026-02-28 14:57:52 UTC","2026-02-28 14:57:53 UTC","2026-02-28 14:57:57 UTC","2026-02-28 14:57:58 UTC","2026-02-28 14:58:00 UTC","2026-02-28 14:58:01 UTC","2026-02-28 14:58:03 UTC","2026-02-28 14:58:08 UTC","2026-02-28 14:58:09 UTC","2026-02-28 14:58:11 UTC","2026-02-28 14:58:12 UTC","2026-02-28 14:58:13 UTC","2026-02-28 14:58:16 UTC","2026-02-28 14:58:18 UTC","2026-02-28 14:58:19 UTC","2026-02-28 14:58:20 UTC","2026-02-28 14:58:22 UTC","2026-02-28 14:58:24 UTC","2026-02-28 14:58:26 UTC","2026-02-28 14:58:28 UTC","2026-02-28 14:58:29 UTC","2026-02-28 14:58:30 UTC","2026-02-28 14:58:33 UTC","2026-02-28 14:58:35 UTC","2026-02-28 14:58:36 UTC","2026-02-28 14:58:37 UTC","2026-02-28 14:58:39 UTC","2026-02-28 14:56:24 UTC","2026-02-28 14:56:26 UTC","2026-02-28 14:56:28 UTC","2026-02-28 14:56:29 UTC","2026-02-28 14:56:31 UTC","2026-02-28 14:56:34 UTC","2026-02-28 14:56:36 UTC","2026-02-28 14:56:38 UTC","2026-02-28 14:56:40 UTC","2026-02-28 14:56:42 UTC","2026-02-28 14:56:45 UTC","2026-02-28 14:56:46 UTC","2026-02-28 14:56:50 UTC","2026-02-28 14:56:51 UTC","2026-02-28 14:56:53 UTC","2026-02-28 14:56:54 UTC","2026-02-28 14:56:56 UTC","2026-02-28 14:56:57 UTC","2026-02-28 14:56:58 UTC","2026-02-28 14:57:00 UTC","2026-02-28 14:57:01 UTC","2026-02-28 14:57:02 UTC","2026-02-28 14:57:04 UTC","2026-02-28 14:57:06 UTC","2026-02-28 14:57:08 UTC","2026-02-28 14:57:10 UTC","2026-02-28 14:57:11 UTC","2026-02-28 14:57:12 UTC","2026-02-28 14:57:15 UTC","2026-02-28 14:57:16 UTC","2026-02-28 14:57:18 UTC","2026-02-28 14:57:21 UTC","2026-02-28 14:57:22 UTC","2026-02-28 14:57:23 UTC","2026-02-28 14:57:25 UTC","2026-02-28 14:57:26 UTC","2026-02-28 14:57:29 UTC","2026-02-28 14:57:30 UTC","2026-02-28 14:57:31 UTC","2026-02-28 14:57:33 UTC","2026-02-28 14:57:35 UTC","2026-02-28 14:57:36 UTC","2026-02-28 14:57:38 UTC","2026-02-28 14:57:39 UTC","2026-02-28 14:57:40 UTC","2026-02-28 14:57:42 UTC","2026-02-28 14:57:45 UTC","2026-02-28 14:57:47 UTC","2026-02-28 14:57:48 UTC","2026-02-28 14:57:50 UTC","2026-02-28 14:57:51 UTC","2026-02-28 14:57:52 UTC","2026-02-28 14:57:54 UTC","2026-02-28 14:57:55 UTC","2026-02-28 14:57:57 UTC","2026-02-28 14:57:59 UTC","2026-02-28 14:58:00 UTC","2026-02-28 14:58:02 UTC","2026-02-28 14:58:04 UTC","2026-02-28 14:58:05 UTC","2026-02-28 14:58:08 UTC","2026-02-28 14:58:10 UTC","2026-02-28 14:58:11 UTC","2026-02-28 14:58:12 UTC","2026-02-28 14:58:14 UTC","2026-02-28 14:58:15 UTC","2026-02-28 14:58:17 UTC","2026-02-28 14:58:18 UTC","2026-02-28 14:58:19 UTC","2026-02-28 14:58:21 UTC","2026-02-28 14:58:22 UTC","2026-02-28 14:58:23 UTC","2026-02-28 14:58:25 UTC","2026-02-28 14:58:27 UTC","2026-02-28 14:58:28 UTC","2026-02-28 14:58:29 UTC","2026-02-28 14:58:31 UTC","2026-02-28 14:58:32 UTC","2026-02-28 14:58:34 UTC","2026-02-28 14:58:35 UTC","2026-02-28 14:58:36 UTC","2026-02-28 14:58:38 UTC","Electron v31, Windows","127.0.0.1","2026-02-28 14:55:38 UTC","2026-02-28 14:55:42 UTC","2026-02-28 14:55:45 UTC","2026-02-28 14:55:48 UTC","2026-02-28 14:55:51 UTC","2026-02-28 14:55:54 UTC","2026-02-28 14:55:56 UTC","2026-02-28 14:55:59 UTC","2026-02-28 14:56:01 UTC","2026-02-28 14:56:03 UTC","2026-02-28 14:56:04 UTC","2026-02-28 14:56:06 UTC","2026-02-28 14:56:07 UTC","2026-02-28 14:55:57 UTC",,,,,,,,,,,,,,,,,,,,,,,,,,,,,,,,,,,,,,,,,,,,,,,,,,,,,,,,,,,,,,,,,"","","","",,,,,,,,,,,,,,,,,,,,,,,,,,,,,,,
"f609a7c91d9395b786baf54bc913abcd","2026-02-28 18:08:15 UTC","2026-02-28 18:12:09 UTC",,,,,,,"2026-02-28 18:08:15 UTC","","","","","kunpracticeend",,,,,,,,,,,,,,,,,,,,,,,,,,,,,,,,,,,,,,,,,,,,,,,,,,,,,,,,,,,,,,,,,,,,,,,,,,,,"","","","",,,,,,,,,,,,,,,,,,,,,,,,,,,,,,,,,,,,,,,,,,,,,,,,,,,,,,,,,,,,,,,,,,,,,,,,"","","","","","","","","","","",,"",,,,,,,,,,,,,,,,,,,,,,,,,,,,,,,,,,,,,,,,,,,,,,,,,,,,,,,,,,,,,,,,,,,,,,,,,,,"","","","","","","","","","","","","","","","","","","","","","","","","","","","","","","","","","","","","","","","","","","","","","","","","","","","","","","","","","","","","","","","","","","","","","","","","","","","","","","","","","","","","","","","","","","","","","","","","","","","","","","","","","","","","","","","","","","","","","","","","","","","","","","","","","","","","","","","","","","","","","","","","","","","","","","","","","","","","Electron v31, Windows","127.0.0.1","2026-02-28 18:08:30 UTC","2026-02-28 18:08:33 UTC","2026-02-28 18:08:34 UTC","2026-02-28 18:08:35 UTC","2026-02-28 18:08:36 UTC","2026-02-28 18:08:37 UTC","2026-02-28 18:08:38 UTC","2026-02-28 18:08:41 UTC","2026-02-28 18:08:42 UTC","2026-02-28 18:08:43 UTC","2026-02-28 18:08:44 UTC","2026-02-28 18:08:45 UTC","2026-02-28 18:08:46 UTC","2026-02-28 18:08:39 UTC",,,,,,,,,,,,,,,,,,,,,,,,,,,,,,,,,,,,,,,,,,,,,,,,,,,,,,,,,,,,,,,,,"","","","",,,,,,,,,,,,,,,,,,,,,,,,,,,,,,,
"a9bb41429cca323334d72e693d61d1bf","2026-02-28 18:21:04 UTC","2026-02-28 18:25:56 UTC",,,,,,,"2026-02-28 18:21:04 UTC","","","","","",,,,,,,,,,,,,,,,,,,,,,,,,,,,,,,,,,,,,,,,,,,,,,,,,,,,,,,,,,,,,,,,,,,,,,,,,,,,"","","","",,,,,,,,,,,,,,,,,,,,,,,,,,,,,,,,,,,,,,,,,,,,,,,,,,,,,,,,,,,,,,,,,,,,,,,,"","","","","","","","","","","",,"",,,,,,,,,,,,,,,,,,,,,,,,,,,,,,,,,,,,,,,,,,,,,,,,,,,,,,,,,,,,,,,,,,,,,,,,,,,"","","","","","","","","","","","","","","","","","","","","","","","","","","","","","","","","","","","","","","","","","","","","","","","","","","","","","","","","","","","","","","","","","","","","","","","","","","","","","","","","","","","","","","","","","","","","","","","","","","","","","","","","","","","","","","","","","","","","","","","","","","","","","","","","","","","","","","","","","","","","","","","","","","","","","","","","","","","","Electron v31, Windows","127.0.0.1","","","","","","","","","","","","","","",,,,,,,,,,,,,,,,,,,,,,,,,,,,,,,,,,,,,,,,,,,,,,,,,,,,,,,,,,,,,,,,,"","","","",,,,,,,,,,,,,,,,,,,,,,,,,,,,,,,
"34cdf693e932e941e60f20d64d14eb53","2026-02-28 18:27:26 UTC","2026-02-28 18:27:36 UTC",,,,,,,"2026-02-28 18:27:26 UTC","","","","","",,,,,,,,,,,,,,,,,,,,,,,,,,,,,,,,,,,,,,,,,,,,,,,,,,,,,,,,,,,,,,,,,,,,,,,,,,,,"","","","",,,,,,,,,,,,,,,,,,,,,,,,,,,,,,,,,,,,,,,,,,,,,,,,,,,,,,,,,,,,,,,,,,,,,,,,"","","","","","","","","","","",,"",,,,,,,,,,,,,,,,,,,,,,,,,,,,,,,,,,,,,,,,,,,,,,,,,,,,,,,,,,,,,,,,,,,,,,,,,,,"","","","","","","","","","","","","","","","","","","","","","","","","","","","","","","","","","","","","","","","","","","","","","","","","","","","","","","","","","","","","","","","","","","","","","","","","","","","","","","","","","","","","","","","","","","","","","","","","","","","","","","","","","","","","","","","","","","","","","","","","","","","","","","","","","","","","","","","","","","","","","","","","","","","","","","","","","","","","Electron v31, Windows","127.0.0.1","","","","","","","","","","","","","","",,,,,,,,,,,,,,,,,,,,,,,,,,,,,,,,,,,,,,,,,,,,,,,,,,,,,,,,,,,,,,,,,"","","","",,,,,,,,,,,,,,,,,,,,,,,,,,,,,,,
"95be8a624ab669e61dee9f6fd448a274","2026-02-28 18:34:21 UTC","2026-02-28 18:34:51 UTC",,,,,,,"2026-02-28 18:34:21 UTC","","","","","",,,,,,,,,,,,,,,,,,,,,,,,,,,,,,,,,,,,,,,,,,,,,,,,,,,,,,,,,,,,,,,,,,,,,,,,,,,,"","","","",,,,,,,,,,,,,,,,,,,,,,,,,,,,,,,,,,,,,,,,,,,,,,,,,,,,,,,,,,,,,,,,,,,,,,,,"","","","","","","","","","","",,"",,,,,,,,,,,,,,,,,,,,,,,,,,,,,,,,,,,,,,,,,,,,,,,,,,,,,,,,,,,,,,,,,,,,,,,,,,,"","","","","","","","","","","","","","","","","","","","","","","","","","","","","","","","","","","","","","","","","","","","","","","","","","","","","","","","","","","","","","","","","","","","","","","","","","","","","","","","","","","","","","","","","","","","","","","","","","","","","","","","","","","","","","","","","","","","","","","","","","","","","","","","","","","","","","","","","","","","","","","","","","","","","","","","","","","","","Electron v31, Windows","127.0.0.1","","","","","","","","","","","","","","",,,,,,,,,,,,,,,,,,,,,,,,,,,,,,,,,,,,,,,,,,,,,,,,,,,,,,,,,,,,,,,,,"","","","",,,,,,,,,,,,,,,,,,,,,,,,,,,,,,,
"4329156c30c31a527ecb35499259c369","2026-02-28 18:35:20 UTC","2026-02-28 18:37:10 UTC",,,,,,,"2026-02-28 18:35:20 UTC","","","","","",,,,,,,,,,,,,,,,,,,,,,,,,,,,,,,,,,,,,,,,,,,,,,,,,,,,,,,,,,,,,,,,,,,,,,,,,,,,"","","","",,,,,,,,,,,,,,,,,,,,,,,,,,,,,,,,,,,,,,,,,,,,,,,,,,,,,,,,,,,,,,,,,,,,,,,,"","","","","","","","","","","",,"",,,,,,,,,,,,,,,,,,,,,,,,,,,,,,,,,,,,,,,,,,,,,,,,,,,,,,,,,,,,,,,,,,,,,,,,,,,"","","","","","","","","","","","","","","","","","","","","","","","","","","","","","","","","","","","","","","","","","","","","","","","","","","","","","","","","","","","","","","","","","","","","","","","","","","","","","","","","","","","","","","","","","","","","","","","","","","","","","","","","","","","","","","","","","","","","","","","","","","","","","","","","","","","","","","","","","","","","","","","","","","","","","","","","","","","","Electron v31, Windows","127.0.0.1","","","","","","","","","","","","","","",,,,,,,,,,,,,,,,,,,,,,,,,,,,,,,,,,,,,,,,,,,,,,,,,,,,,,,,,,,,,,,,,"","","","",,,,,,,,,,,,,,,,,,,,,,,,,,,,,,,
"1067c45e9daa81dc5118fd283b6c0cb8","2026-02-28 19:04:10 UTC","",,,,,,,"2026-02-28 19:04:10 UTC","","","","","",,,,,,,,,,,,,,,,,,,,,,,,,,,,,,,,,,,,,,,,,,,,,,,,,,,,,,,,,,,,,,,,,,,,,,,,,,,,"","","","",,,,,,,,,,,,,,,,,,,,,,,,,,,,,,,,,,,,,,,,,,,,,,,,,,,,,,,,,,,,,,,,,,,,,,,,"","","","","","","","","","","",,"",,,,,,,,,,,,,,,,,,,,,,,,,,,,,,,,,,,,,,,,,,,,,,,,,,,,,,,,,,,,,,,,,,,,,,,,,,,"","","","","","","","","","","","","","","","","","","","","","","","","","","","","","","","","","","","","","","","","","","","","","","","","","","","","","","","","","","","","","","","","","","","","","","","","","","","","","","","","","","","","","","","","","","","","","","","","","","","","","","","","","","","","","","","","","","","","","","","","","","","","","","","","","","","","","","","","","","","","","","","","","","","","","","","","","","","","Electron v31, Windows","127.0.0.1","","","","","","","","","","","","","","",,,,,,,,,,,,,,,,,,,,,,,,,,,,,,,,,,,,,,,,,,,,,,,,,,,,,,,,,,,,,,,,,"","","","",,,,,,,,,,,,,,,,,,,,,,,,,,,,,,,
"a305cec369863d1289a4c17e876bfd34","2026-02-28 19:05:56 UTC","2026-02-28 19:11:28 UTC",,,,,,,"2026-02-28 19:05:56 UTC","","","","","",,,,,,,,,,,,,,,,,,,,,,,,,,,,,,,,,,,,,,,,,,,,,,,,,,,,,,,,,,,,,,,,,,,,,,,,,,,,"","","","",,,,,,,,,,,,,,,,,,,,,,,,,,,,,,,,,,,,,,,,,,,,,,,,,,,,,,,,,,,,,,,,,,,,,,,,"","","","","","","","","","","",,"",,,,,,,,,,,,,,,,,,,,,,,,,,,,,,,,,,,,,,,,,,,,,,,,,,,,,,,,,,,,,,,,,,,,,,,,,,,"","","","","","","","","","","","","","","","","","","","","","","","","","","","","","","","","","","","","","","","","","","","","","","","","","","","","","","","","","","","","","","","","","","","","","","","","","","","","","","","","","","","","","","","","","","","","","","","","","","","","","","","","","","","","","","","","","","","","","","","","","","","","","","","","","","","","","","","","","","","","","","","","","","","","","","","","","","","","Electron v31, Windows","127.0.0.1","","","","","","","","","","","","","","",,,,,,,,,,,,,,,,,,,,,,,,,,,,,,,,,,,,,,,,,,,,,,,,,,,,,,,,,,,,,,,,,"","","","",,,,,,,,,,,,,,,,,,,,,,,,,,,,,,,
"e0e89ffb5e020011088c711b730b47ce","2026-02-28 19:47:44 UTC","2026-02-28 19:51:04 UTC",,,,,,,"2026-02-28 19:47:44 UTC","","","","","interlude",,,,,,,,,,,,,,,,,,,,,,,,,,,,,,,,,,,,,,,,,,,,,,,,,,,,,,,,,,,,,,,,,,,,,,,,,,,,"","","","",,,,,,,,,,,,,,,,,,,,,,,,,,,,,,,,,,,,,,,,,,,,,,,,,,,,,,,,,,,,,,,,,,,,,,,,"","2026-02-28 19:48:31 UTC","2026-02-28 19:48:44 UTC","","","","","","","","","2","2026-02-28 19:48:22 UTC","3","4","1","2","3","2","1","4","5","2","3","4","1","5","2","4","3","1","5","2","3","2","3","2","2","3","2","3","2","3","2","3","2","3","2","3","2","3","2","3","2","3","2","3","2","3","2","3","2","2","3","2","3","2","3","2","3","2","3","2","3","2","3","2","3","2","3","2","3","2","3","2","3","2","2026-02-28 19:48:24 UTC","2026-02-28 19:48:25 UTC","2026-02-28 19:48:27 UTC","2026-02-28 19:48:29 UTC","2026-02-28 19:48:36 UTC","2026-02-28 19:48:38 UTC","2026-02-28 19:48:39 UTC","2026-02-28 19:48:41 UTC","2026-02-28 19:48:43 UTC","2026-02-28 19:48:47 UTC","2026-02-28 19:48:49 UTC","2026-02-28 19:48:51 UTC","2026-02-28 19:48:52 UTC","2026-02-28 19:48:54 UTC","2026-02-28 19:48:57 UTC","2026-02-28 19:48:59 UTC","2026-02-28 19:49:01 UTC","2026-02-28 19:49:03 UTC","2026-02-28 19:49:05 UTC","2026-02-28 19:49:08 UTC","2026-02-28 19:49:10 UTC","2026-02-28 19:49:11 UTC","2026-02-28 19:49:12 UTC","2026-02-28 19:49:14 UTC","2026-02-28 19:49:17 UTC","2026-02-28 19:49:19 UTC","2026-02-28 19:49:20 UTC","2026-02-28 19:49:22 UTC","2026-02-28 19:49:23 UTC","2026-02-28 19:49:26 UTC","2026-02-28 19:49:28 UTC","2026-02-28 19:49:29 UTC","2026-02-28 19:49:31 UTC","2026-02-28 19:49:32 UTC","2026-02-28 19:49:35 UTC","2026-02-28 19:49:36 UTC","2026-02-28 19:49:38 UTC","2026-02-28 19:49:39 UTC","2026-02-28 19:49:40 UTC","2026-02-28 19:49:44 UTC","2026-02-28 19:49:46 UTC","2026-02-28 19:49:48 UTC","2026-02-28 19:49:49 UTC","2026-02-28 19:49:51 UTC","2026-02-28 19:49:54 UTC","2026-02-28 19:49:56 UTC","2026-02-28 19:49:58 UTC","2026-02-28 19:49:59 UTC","2026-02-28 19:50:00 UTC","2026-02-28 19:50:04 UTC","2026-02-28 19:50:06 UTC","2026-02-28 19:50:07 UTC","2026-02-28 19:50:09 UTC","2026-02-28 19:50:10 UTC","2026-02-28 19:50:13 UTC","2026-02-28 19:50:14 UTC","2026-02-28 19:50:16 UTC","2026-02-28 19:50:17 UTC","2026-02-28 19:50:19 UTC","2026-02-28 19:50:23 UTC","2026-02-28 19:50:24 UTC","2026-02-28 19:50:25 UTC","2026-02-28 19:50:27 UTC","2026-02-28 19:50:28 UTC","2026-02-28 19:50:32 UTC","2026-02-28 19:50:33 UTC","2026-02-28 19:50:36 UTC","2026-02-28 19:50:38 UTC","2026-02-28 19:50:40 UTC","2026-02-28 19:50:43 UTC","2026-02-28 19:50:45 UTC","2026-02-28 19:50:47 UTC","2026-02-28 19:50:48 UTC","2026-02-28 19:50:49 UTC","2026-02-28 19:48:34 UTC","2026-02-28 19:48:37 UTC","2026-02-28 19:48:38 UTC","2026-02-28 19:48:40 UTC","2026-02-28 19:48:42 UTC","2026-02-28 19:48:45 UTC","2026-02-28 19:48:48 UTC","2026-02-28 19:48:50 UTC","2026-02-28 19:48:51 UTC","2026-02-28 19:48:53 UTC","2026-02-28 19:48:55 UTC","2026-02-28 19:48:56 UTC","2026-02-28 19:48:58 UTC","2026-02-28 19:49:00 UTC","2026-02-28 19:49:02 UTC","2026-02-28 19:49:03 UTC","2026-02-28 19:49:05 UTC","2026-02-28 19:49:07 UTC","2026-02-28 19:49:09 UTC","2026-02-28 19:49:10 UTC","2026-02-28 19:49:11 UTC","2026-02-28 19:49:13 UTC","2026-02-28 19:49:14 UTC","2026-02-28 19:49:16 UTC","2026-02-28 19:49:18 UTC","2026-02-28 19:49:19 UTC","2026-02-28 19:49:21 UTC","2026-02-28 19:49:22 UTC","2026-02-28 19:49:24 UTC","2026-02-28 19:49:25 UTC","2026-02-28 19:49:27 UTC","2026-02-28 19:49:28 UTC","2026-02-28 19:49:30 UTC","2026-02-28 19:49:31 UTC","2026-02-28 19:49:33 UTC","2026-02-28 19:49:34 UTC","2026-02-28 19:49:36 UTC","2026-02-28 19:49:37 UTC","2026-02-28 19:49:38 UTC","2026-02-28 19:49:39 UTC","2026-02-28 19:49:41 UTC","2026-02-28 19:49:42 UTC","2026-02-28 19:49:44 UTC","2026-02-28 19:49:47 UTC","2026-02-28 19:49:48 UTC","2026-02-28 19:49:50 UTC","2026-02-28 19:49:51 UTC","2026-02-28 19:49:53 UTC","2026-02-28 19:49:55 UTC","2026-02-28 19:49:57 UTC","2026-02-28 19:49:58 UTC","2026-02-28 19:49:59 UTC","2026-02-28 19:50:01 UTC","2026-02-28 19:50:02 UTC","2026-02-28 19:50:05 UTC","2026-02-28 19:50:06 UTC","2026-02-28 19:50:08 UTC","2026-02-28 19:50:09 UTC","2026-02-28 19:50:10 UTC","2026-02-28 19:50:12 UTC","2026-02-28 19:50:13 UTC","2026-02-28 19:50:15 UTC","2026-02-28 19:50:16 UTC","2026-02-28 19:50:17 UTC","2026-02-28 19:50:19 UTC","2026-02-28 19:50:20 UTC","2026-02-28 19:50:23 UTC","2026-02-28 19:50:24 UTC","2026-02-28 19:50:26 UTC","2026-02-28 19:50:27 UTC","2026-02-28 19:50:29 UTC","2026-02-28 19:50:30 UTC","2026-02-28 19:50:32 UTC","2026-02-28 19:50:34 UTC","2026-02-28 19:50:36 UTC","2026-02-28 19:50:38 UTC","2026-02-28 19:50:40 UTC","2026-02-28 19:50:42 UTC","2026-02-28 19:50:44 UTC","2026-02-28 19:50:45 UTC","2026-02-28 19:50:47 UTC","2026-02-28 19:50:48 UTC","Electron v31, Windows","127.0.0.1","2026-02-28 19:47:59 UTC","2026-02-28 19:48:10 UTC","2026-02-28 19:48:11 UTC","2026-02-28 19:48:15 UTC","2026-02-28 19:48:16 UTC","2026-02-28 19:48:17 UTC","2026-02-28 19:48:18 UTC","2026-02-28 19:48:21 UTC","2026-02-28 19:48:23 UTC","2026-02-28 19:48:24 UTC","2026-02-28 19:48:26 UTC","2026-02-28 19:48:27 UTC","2026-02-28 19:48:29 UTC","2026-02-28 19:48:19 UTC",,,,,,,,,,,,,,,,,,,,,,,,,,,,,,,,,,,,,,,,,,,,,,,,,,,,,,,,,,,,,,,,,"2026-02-28 19:50:50 UTC","","","",,,,,,,,,,,,,,,,,,,,,,,,,,,,,,,
"c1c5c27ce926b60b49a474c5bea2974c","2026-02-28 19:51:04 UTC","2026-02-28 19:51:18 UTC",,,,,,,"2026-02-28 19:51:04 UTC","","","","","kuncel",,,,,,,,,,,,,,,,,,,,,,,,,,,,,,,,,,,,,,,,,,,,,,,,,,,,,,,,,,,,,,,,,,,,,,,,,,,,"","","","",,,,,,,,,,,,,,,,,,,,,,,,,,,,,,,,,,,,,,,,,,,,,,,,,,,,,,,,,,,,,,,,,,,,,,,,"","","","","","","","","","","",,"",,,,,,,,,,,,,,,,,,,,,,,,,,,,,,,,,,,,,,,,,,,,,,,,,,,,,,,,,,,,,,,,,,,,,,,,,,,"","","","","","","","","","","","","","","","","","","","","","","","","","","","","","","","","","","","","","","","","","","","","","","","","","","","","","","","","","","","","","","","","","","","","","","","","","","","","","","","","","","","","","","","","","","","","","","","","","","","","","","","","","","","","","","","","","","","","","","","","","","","","","","","","","","","","","","","","","","","","","","","","","","","","","","","","","","","","Electron v31, Windows","127.0.0.1","2026-02-28 19:51:11 UTC","","","","","","","","","","","","","",,,,,,,,,,,,,,,,,,,,,,,,,,,,,,,,,,,,,,,,,,,,,,,,,,,,,,,,,,,,,,,,,"","","","",,,,,,,,,,,,,,,,,,,,,,,,,,,,,,,
"5bbf3b9b180e02f63e90c90188a0e1c4","2026-03-04 23:02:56 UTC","2026-03-04 23:06:00 UTC",,,,,,,"2026-03-04 23:02:56 UTC","","","","","interlude",,,,,,,,,,,,,,,,,,,,,,,,,,,,,,,,,,,,,,,,,,,,,,,,,,,,,,,,,,,,,,,,,,,,,,,,,,,,"","","","",,,,,,,,,,,,,,,,,,,,,,,,,,,,,,,,,,,,,,,,,,,,,,,,,,,,,,,,,,,,,,,,,,,,,,,,"","2026-03-04 23:03:31 UTC","2026-03-04 23:03:40 UTC","","","","","","","","","2","2026-03-04 23:03:23 UTC","2","3","4","1","3","2","3","2","3","2","3","2","3","2","3","2","3","2","3","2","3","2","3","2","2","3","2","3","2","2","3","2","3","2","2","3","2","3","2","3","2","3","2","3","3","2","3","2","3","3","2","3","2","3","2","3","2","3","2","3","2","3","2","3","2","3","2","3","2","3","2","3","2","3","2026-03-04 23:03:24 UTC","2026-03-04 23:03:25 UTC","2026-03-04 23:03:26 UTC","2026-03-04 23:03:28 UTC","2026-03-04 23:03:34 UTC","2026-03-04 23:03:36 UTC","2026-03-04 23:03:37 UTC","2026-03-04 23:03:38 UTC","2026-03-04 23:03:39 UTC","2026-03-04 23:03:42 UTC","2026-03-04 23:03:43 UTC","2026-03-04 23:03:44 UTC","2026-03-04 23:03:45 UTC","2026-03-04 23:03:46 UTC","2026-03-04 23:03:49 UTC","2026-03-04 23:03:50 UTC","2026-03-04 23:03:51 UTC","2026-03-04 23:03:54 UTC","2026-03-04 23:03:55 UTC","2026-03-04 23:03:58 UTC","2026-03-04 23:03:59 UTC","2026-03-04 23:04:00 UTC","2026-03-04 23:04:01 UTC","2026-03-04 23:04:03 UTC","2026-03-04 23:04:05 UTC","2026-03-04 23:04:06 UTC","2026-03-04 23:04:07 UTC","2026-03-04 23:04:09 UTC","2026-03-04 23:04:10 UTC","2026-03-04 23:04:14 UTC","2026-03-04 23:04:16 UTC","2026-03-04 23:04:17 UTC","2026-03-04 23:04:18 UTC","2026-03-04 23:04:20 UTC","2026-03-04 23:04:23 UTC","2026-03-04 23:04:25 UTC","2026-03-04 23:04:26 UTC","2026-03-04 23:04:28 UTC","2026-03-04 23:04:30 UTC","2026-03-04 23:04:33 UTC","2026-03-04 23:04:34 UTC","2026-03-04 23:04:36 UTC","2026-03-04 23:04:38 UTC","2026-03-04 23:04:39 UTC","2026-03-04 23:04:42 UTC","2026-03-04 23:04:44 UTC","2026-03-04 23:04:45 UTC","2026-03-04 23:04:47 UTC","2026-03-04 23:04:49 UTC","2026-03-04 23:04:52 UTC","2026-03-04 23:04:54 UTC","2026-03-04 23:04:55 UTC","2026-03-04 23:04:57 UTC","2026-03-04 23:04:58 UTC","2026-03-04 23:05:01 UTC","2026-03-04 23:05:02 UTC","2026-03-04 23:05:04 UTC","2026-03-04 23:05:05 UTC","2026-03-04 23:05:07 UTC","2026-03-04 23:05:09 UTC","2026-03-04 23:05:12 UTC","2026-03-04 23:05:14 UTC","2026-03-04 23:05:16 UTC","2026-03-04 23:05:17 UTC","2026-03-04 23:05:20 UTC","2026-03-04 23:05:22 UTC","2026-03-04 23:05:23 UTC","2026-03-04 23:05:25 UTC","2026-03-04 23:05:26 UTC","2026-03-04 23:05:32 UTC","2026-03-04 23:05:34 UTC","2026-03-04 23:05:37 UTC","2026-03-04 23:05:38 UTC","2026-03-04 23:05:40 UTC","2026-03-04 23:03:33 UTC","2026-03-04 23:03:35 UTC","2026-03-04 23:03:36 UTC","2026-03-04 23:03:37 UTC","2026-03-04 23:03:38 UTC","2026-03-04 23:03:41 UTC","2026-03-04 23:03:43 UTC","2026-03-04 23:03:44 UTC","2026-03-04 23:03:45 UTC","2026-03-04 23:03:46 UTC","2026-03-04 23:03:47 UTC","2026-03-04 23:03:48 UTC","2026-03-04 23:03:50 UTC","2026-03-04 23:03:51 UTC","2026-03-04 23:03:52 UTC","2026-03-04 23:03:54 UTC","2026-03-04 23:03:55 UTC","2026-03-04 23:03:56 UTC","2026-03-04 23:03:58 UTC","2026-03-04 23:03:59 UTC","2026-03-04 23:04:00 UTC","2026-03-04 23:04:02 UTC","2026-03-04 23:04:03 UTC","2026-03-04 23:04:04 UTC","2026-03-04 23:04:05 UTC","2026-03-04 23:04:07 UTC","2026-03-04 23:04:08 UTC","2026-03-04 23:04:09 UTC","2026-03-04 23:04:10 UTC","2026-03-04 23:04:12 UTC","2026-03-04 23:04:15 UTC","2026-03-04 23:04:16 UTC","2026-03-04 23:04:17 UTC","2026-03-04 23:04:19 UTC","2026-03-04 23:04:20 UTC","2026-03-04 23:04:21 UTC","2026-03-04 23:04:24 UTC","2026-03-04 23:04:25 UTC","2026-03-04 23:04:27 UTC","2026-03-04 23:04:29 UTC","2026-03-04 23:04:30 UTC","2026-03-04 23:04:31 UTC","2026-03-04 23:04:33 UTC","2026-03-04 23:04:35 UTC","2026-03-04 23:04:37 UTC","2026-03-04 23:04:38 UTC","2026-03-04 23:04:40 UTC","2026-03-04 23:04:41 UTC","2026-03-04 23:04:43 UTC","2026-03-04 23:04:44 UTC","2026-03-04 23:04:46 UTC","2026-03-04 23:04:47 UTC","2026-03-04 23:04:49 UTC","2026-03-04 23:04:50 UTC","2026-03-04 23:04:53 UTC","2026-03-04 23:04:54 UTC","2026-03-04 23:04:56 UTC","2026-03-04 23:04:57 UTC","2026-03-04 23:04:58 UTC","2026-03-04 23:04:59 UTC","2026-03-04 23:05:01 UTC","2026-03-04 23:05:03 UTC","2026-03-04 23:05:04 UTC","2026-03-04 23:05:06 UTC","2026-03-04 23:05:07 UTC","2026-03-04 23:05:08 UTC","2026-03-04 23:05:10 UTC","2026-03-04 23:05:12 UTC","2026-03-04 23:05:15 UTC","2026-03-04 23:05:16 UTC","2026-03-04 23:05:18 UTC","2026-03-04 23:05:19 UTC","2026-03-04 23:05:21 UTC","2026-03-04 23:05:22 UTC","2026-03-04 23:05:24 UTC","2026-03-04 23:05:25 UTC","2026-03-04 23:05:26 UTC","2026-03-04 23:05:28 UTC","2026-03-04 23:05:33 UTC","2026-03-04 23:05:35 UTC","2026-03-04 23:05:37 UTC","2026-03-04 23:05:38 UTC","Electron v31, Windows","127.0.0.1","2026-03-04 23:03:06 UTC","2026-03-04 23:03:09 UTC","2026-03-04 23:03:11 UTC","2026-03-04 23:03:13 UTC","2026-03-04 23:03:15 UTC","2026-03-04 23:03:17 UTC","2026-03-04 23:03:19 UTC","2026-03-04 23:03:22 UTC","2026-03-04 23:03:23 UTC","2026-03-04 23:03:24 UTC","2026-03-04 23:03:26 UTC","2026-03-04 23:03:27 UTC","2026-03-04 23:03:28 UTC","2026-03-04 23:03:20 UTC",,,,,,,,,,,,,,,,,,,,,,,,,,,,,,,,,,,,,,,,,,,,,,,,,,,,,,,,,,,,,,,,,"2026-03-04 23:05:40 UTC","","","",,,,,,,,,,,,,,,,,,,,,,,,,,,,,,,
"efcdfdd5769f7fe184762d1e0d225eb3","2026-03-04 23:07:34 UTC","2026-03-04 23:07:44 UTC",,,,,,,"2026-03-04 23:07:34 UTC","","","","","",,,,,,,,,,,,,,,,,,,,,,,,,,,,,,,,,,,,,,,,,,,,,,,,,,,,,,,,,,,,,,,,,,,,,,,,,,,,"","","","",,,,,,,,,,,,,,,,,,,,,,,,,,,,,,,,,,,,,,,,,,,,,,,,,,,,,,,,,,,,,,,,,,,,,,,,"","","","","","","","","","","",,"",,,,,,,,,,,,,,,,,,,,,,,,,,,,,,,,,,,,,,,,,,,,,,,,,,,,,,,,,,,,,,,,,,,,,,,,,,,"","","","","","","","","","","","","","","","","","","","","","","","","","","","","","","","","","","","","","","","","","","","","","","","","","","","","","","","","","","","","","","","","","","","","","","","","","","","","","","","","","","","","","","","","","","","","","","","","","","","","","","","","","","","","","","","","","","","","","","","","","","","","","","","","","","","","","","","","","","","","","","","","","","","","","","","","","","","","Electron v31, Windows","127.0.0.1","","","","","","","","","","","","","","",,,,,,,,,,,,,,,,,,,,,,,,,,,,,,,,,,,,,,,,,,,,,,,,,,,,,,,,,,,,,,,,,"","","","",,,,,,,,,,,,,,,,,,,,,,,,,,,,,,,
"18944c6295978db92820c42a2e941f2e","2026-03-05 14:20:22 UTC","2026-03-05 14:41:06 UTC",,,,,,,"2026-03-05 14:20:22 UTC","","","","","",,,,,,,,,,,,,,,,,,,,,,,,,,,,,,,,,,,,,,,,,,,,,,,,,,,,,,,,,,,,,,,,,,,,,,,,,,,,"","","","",,,,,,,,,,,,,,,,,,,,,,,,,,,,,,,,,,,,,,,,,,,,,,,,,,,,,,,,,,,,,,,,,,,,,,,,"","","","","","","","","","","",,"",,,,,,,,,,,,,,,,,,,,,,,,,,,,,,,,,,,,,,,,,,,,,,,,,,,,,,,,,,,,,,,,,,,,,,,,,,,"","","","","","","","","","","","","","","","","","","","","","","","","","","","","","","","","","","","","","","","","","","","","","","","","","","","","","","","","","","","","","","","","","","","","","","","","","","","","","","","","","","","","","","","","","","","","","","","","","","","","","","","","","","","","","","","","","","","","","","","","","","","","","","","","","","","","","","","","","","","","","","","","","","","","","","","","","","","","Electron v31, Windows","127.0.0.1","","","","","","","","","","","","","","",,,,,,,,,,,,,,,,,,,,,,,,,,,,,,,,,,,,,,,,,,,,,,,,,,,,,,,,,,,,,,,,,"","","","",,,,,,,,,,,,,,,,,,,,,,,,,,,,,,,
"a7f0723d092893d7166f2a0f11dbdc85","2026-03-09 15:17:06 UTC","2026-03-09 15:29:41 UTC",,,,,,,"2026-03-09 15:17:06 UTC","","","","","edpractice1",,,,,,,,,,,,,,,,,,,,,,,,,,,,,,,,,,,,,,,,,,,,,,,,,,,,,,,,,,,,,,,,,,,,,,,,,,,,"","","","",,,,,,,,,,,,,,,,,,,,,,,,,,,,,,,,,,,,,,,,,,,,,,,,,,,,,,,,,,,,,,,,,,,,,,,,"","2026-03-09 15:17:38 UTC","2026-03-09 15:17:44 UTC","","","","","","","","","3","2026-03-09 15:17:31 UTC","3","3","3","3",,,,,,,,,,,,,,,,,,,,"3",,,,,,,,,,,,,,,,,,,,,,,,,,,,,,,,,,,,,,,,,,,,,,,,,,,"2026-03-09 15:17:33 UTC","2026-03-09 15:17:34 UTC","2026-03-09 15:17:35 UTC","2026-03-09 15:17:35 UTC","","","","","","","","","","","","","","","","","","","","2026-03-09 15:18:15 UTC","","","","","","","","","","","","","","","","","","","","","","","","","","","","","","","","","","","","","","","","","","","","","","","","","","","2026-03-09 15:17:39 UTC","2026-03-09 15:17:40 UTC","2026-03-09 15:17:41 UTC","2026-03-09 15:17:42 UTC","2026-03-09 15:17:43 UTC","2026-03-09 15:17:45 UTC","2026-03-09 15:17:46 UTC","2026-03-09 15:17:48 UTC","2026-03-09 15:17:50 UTC","2026-03-09 15:17:53 UTC","2026-03-09 15:17:55 UTC","2026-03-09 15:17:56 UTC","2026-03-09 15:17:57 UTC","2026-03-09 15:17:58 UTC","2026-03-09 15:17:58 UTC","2026-03-09 15:18:00 UTC","2026-03-09 15:18:01 UTC","2026-03-09 15:18:02 UTC","2026-03-09 15:18:03 UTC","2026-03-09 15:18:05 UTC","2026-03-09 15:18:08 UTC","2026-03-09 15:18:12 UTC","2026-03-09 15:18:16 UTC","2026-03-09 15:18:16 UTC","2026-03-09 15:18:18 UTC","2026-03-09 15:18:19 UTC","2026-03-09 15:18:20 UTC","2026-03-09 15:18:20 UTC","2026-03-09 15:18:21 UTC","2026-03-09 15:18:22 UTC","2026-03-09 15:18:23 UTC","2026-03-09 15:18:24 UTC","2026-03-09 15:18:25 UTC","2026-03-09 15:18:25 UTC","2026-03-09 15:18:26 UTC","2026-03-09 15:18:27 UTC","2026-03-09 15:18:28 UTC","2026-03-09 15:18:29 UTC","2026-03-09 15:18:30 UTC","2026-03-09 15:18:30 UTC","2026-03-09 15:18:31 UTC","2026-03-09 15:18:32 UTC","2026-03-09 15:18:33 UTC","2026-03-09 15:18:34 UTC","2026-03-09 15:18:35 UTC","2026-03-09 15:18:35 UTC","2026-03-09 15:18:36 UTC","2026-03-09 15:18:37 UTC","2026-03-09 15:18:38 UTC","2026-03-09 15:18:39 UTC","2026-03-09 15:18:39 UTC","2026-03-09 15:18:40 UTC","2026-03-09 15:18:41 UTC","2026-03-09 15:18:42 UTC","2026-03-09 15:18:43 UTC","2026-03-09 15:18:44 UTC","2026-03-09 15:18:44 UTC","2026-03-09 15:18:45 UTC","2026-03-09 15:18:46 UTC","2026-03-09 15:18:47 UTC","2026-03-09 15:18:48 UTC","2026-03-09 15:18:49 UTC","2026-03-09 15:18:50 UTC","2026-03-09 15:18:50 UTC","2026-03-09 15:18:51 UTC","2026-03-09 15:18:52 UTC","2026-03-09 15:18:53 UTC","2026-03-09 15:18:54 UTC","2026-03-09 15:18:55 UTC","2026-03-09 15:18:55 UTC","2026-03-09 15:18:56 UTC","2026-03-09 15:18:57 UTC","2026-03-09 15:18:58 UTC","2026-03-09 15:18:59 UTC","2026-03-09 15:19:00 UTC","2026-03-09 15:19:00 UTC","2026-03-09 15:19:01 UTC","2026-03-09 15:19:03 UTC","2026-03-09 15:19:24 UTC","2026-03-09 15:19:25 UTC","2026-03-09 15:19:25 UTC","2026-03-09 15:19:26 UTC","Electron v31, Windows","127.0.0.1","2026-03-09 15:17:17 UTC","2026-03-09 15:17:21 UTC","2026-03-09 15:17:22 UTC","2026-03-09 15:17:24 UTC","2026-03-09 15:17:26 UTC","2026-03-09 15:17:27 UTC","2026-03-09 15:17:28 UTC","2026-03-09 15:17:31 UTC","2026-03-09 15:17:32 UTC","2026-03-09 15:17:34 UTC","2026-03-09 15:17:34 UTC","2026-03-09 15:17:35 UTC","2026-03-09 15:17:36 UTC","2026-03-09 15:17:29 UTC",,,,,,,,,,,,,,,,,,,,,,,,,,,,,,,,,,,,,,,,,,,,,,,,,,,,,,,,,,,,,,,,,"2026-03-09 15:19:27 UTC","2026-03-09 15:19:30 UTC","2026-03-09 15:19:38 UTC","2026-03-09 15:19:40 UTC",,,,,,,,,,,,,,,,,,,,,,,,,,,,,,,
"bf9aa0dc8d382d87682878d5c5b2a616","2026-03-09 15:29:41 UTC","2026-03-09 15:30:47 UTC",,,,,,,"2026-03-09 15:29:41 UTC","","","","","Witch2e",,,,,,,,,,,,,,,,,,,,,,,,,,,,,,,,,,,,,,,,,,,,,,,,,,,,,,,,,,,,,,,,,,,,,,,,,,,,"","","","",,,,,,,,,,,,,,,,,,,,,,,,,,,,,,,,,,,,,,,,,,,,,,,,,,,,,,,,,,,,,,,,,,,,,,,,"","2026-03-09 15:30:15 UTC","2026-03-09 15:30:21 UTC","","","","","","","","",,"",,,,,,,,,,,,,,,,,,,,,,,,,,,,,,,,,,,,,,,,,,,,,,,,,,,,,,,,,,,,,,,,,,,,,,,,,,,"","","","","","","","","","","","","","","","","","","","","","","","","","","","","","","","","","","","","","","","","","","","","","","","","","","","","","","","","","","","","","","","","","","","","","","","","","","2026-03-09 15:30:16 UTC","2026-03-09 15:30:17 UTC","2026-03-09 15:30:18 UTC","2026-03-09 15:30:19 UTC","2026-03-09 15:30:20 UTC","2026-03-09 15:30:22 UTC","2026-03-09 15:30:23 UTC","2026-03-09 15:30:24 UTC","2026-03-09 15:30:25 UTC","2026-03-09 15:30:27 UTC","2026-03-09 15:30:28 UTC","2026-03-09 15:30:29 UTC","2026-03-09 15:30:31 UTC","2026-03-09 15:30:32 UTC","2026-03-09 15:30:33 UTC","2026-03-09 15:30:35 UTC","2026-03-09 15:30:37 UTC","2026-03-09 15:30:38 UTC","2026-03-09 15:30:39 UTC","2026-03-09 15:30:41 UTC","2026-03-09 15:30:44 UTC","2026-03-09 15:30:46 UTC","","","","","","","","","","","","","","","","","","","","","","","","","","","","","","","","","","","","","","","","","","","","","","","","","","","","","","","","","","","","","Electron v31, Windows","127.0.0.1","2026-03-09 15:29:57 UTC","2026-03-09 15:30:00 UTC","2026-03-09 15:30:01 UTC","2026-03-09 15:30:02 UTC","2026-03-09 15:30:03 UTC","2026-03-09 15:30:04 UTC","2026-03-09 15:30:05 UTC","2026-03-09 15:30:06 UTC","2026-03-09 15:30:08 UTC","2026-03-09 15:30:08 UTC","2026-03-09 15:30:09 UTC","2026-03-09 15:30:10 UTC","2026-03-09 15:30:11 UTC","2026-03-09 15:30:05 UTC",,,,,,,,,,,,,,,,,,,,,,,,,,,,,,,,,,,,,,,,,,,,,,,,,,,,,,,,,,,,,,,,,"","","","",,,,,,,,,,,,,,,,,,,,,,,,,,,,,,,
"015473152faa93df0ee3c8ef2ff4beb6","2026-03-09 15:39:06 UTC","2026-03-09 15:39:31 UTC",,,,,,,"2026-03-09 15:39:06 UTC","","","","","kunpractice1",,,,,,,,,,,,,,,,,,,,,,,,,,,,,,,,,,,,,,,,,,,,,,,,,,,,,,,,,,,,,,,,,,,,,,,,,,,,"","","","",,,,,,,,,,,,,,,,,,,,,,,,,,,,,,,,,,,,,,,,,,,,,,,,,,,,,,,,,,,,,,,,,,,,,,,,"","","","","","","","","","","",,"",,,,,,,,,,,,,,,,,,,,,,,,,,,,,,,,,,,,,,,,,,,,,,,,,,,,,,,,,,,,,,,,,,,,,,,,,,,"","","","","","","","","","","","","","","","","","","","","","","","","","","","","","","","","","","","","","","","","","","","","","","","","","","","","","","","","","","","","","","","","","","","","","","","","","","","","","","","","","","","","","","","","","","","","","","","","","","","","","","","","","","","","","","","","","","","","","","","","","","","","","","","","","","","","","","","","","","","","","","","","","","","","","","","","","","","","Electron v31, Windows","127.0.0.1","2026-03-09 15:39:23 UTC","2026-03-09 15:39:26 UTC","2026-03-09 15:39:27 UTC","","","","","","","","","","","",,,,,,,,,,,,,,,,,,,,,,,,,,,,,,,,,,,,,,,,,,,,,,,,,,,,,,,,,,,,,,,,,"","","","",,,,,,,,,,,,,,,,,,,,,,,,,,,,,,,
"5c88907055775c0352d2718b68e2058d","2026-03-09 15:43:50 UTC","2026-03-09 15:48:56 UTC",,,,,,,"2026-03-09 15:43:50 UTC","","","","","",,,,,,,,,,,,,,,,,,,,,,,,,,,,,,,,,,,,,,,,,,,,,,,,,,,,,,,,,,,,,,,,,,,,,,,,,,,,"","","","",,,,,,,,,,,,,,,,,,,,,,,,,,,,,,,,,,,,,,,,,,,,,,,,,,,,,,,,,,,,,,,,,,,,,,,,"","","","","","","","","","","",,"",,,,,,,,,,,,,,,,,,,,,,,,,,,,,,,,,,,,,,,,,,,,,,,,,,,,,,,,,,,,,,,,,,,,,,,,,,,"","","","","","","","","","","","","","","","","","","","","","","","","","","","","","","","","","","","","","","","","","","","","","","","","","","","","","","","","","","","","","","","","","","","","","","","","","","","","","","","","","","","","","","","","","","","","","","","","","","","","","","","","","","","","","","","","","","","","","","","","","","","","","","","","","","","","","","","","","","","","","","","","","","","","","","","","","","","","Electron v31, Windows","127.0.0.1","","","","","","","","","","","","","","",,,,,,,,,,,,,,,,,,,,,,,,,,,,,,,,,,,,,,,,,,,,,,,,,,,,,,,,,,,,,,,,,"","","","",,,,,,,,,,,,,,,,,,,,,,,,,,,,,,,
"68813d85b91bdd1cdd8ad8881ee0a11e","2026-03-09 15:54:38 UTC","",,,,,,,"2026-03-09 15:54:38 UTC","","","","","",,,,,,,,,,,,,,,,,,,,,,,,,,,,,,,,,,,,,,,,,,,,,,,,,,,,,,,,,,,,,,,,,,,,,,,,,,,,"","","","",,,,,,,,,,,,,,,,,,,,,,,,,,,,,,,,,,,,,,,,,,,,,,,,,,,,,,,,,,,,,,,,,,,,,,,,"","","","","","","","","","","",,"",,,,,,,,,,,,,,,,,,,,,,,,,,,,,,,,,,,,,,,,,,,,,,,,,,,,,,,,,,,,,,,,,,,,,,,,,,,"","","","","","","","","","","","","","","","","","","","","","","","","","","","","","","","","","","","","","","","","","","","","","","","","","","","","","","","","","","","","","","","","","","","","","","","","","","","","","","","","","","","","","","","","","","","","","","","","","","","","","","","","","","","","","","","","","","","","","","","","","","","","","","","","","","","","","","","","","","","","","","","","","","","","","","","","","","","","Electron v31, Windows","127.0.0.1","","","","","","","","","","","","","","",,,,,,,,,,,,,,,,,,,,,,,,,,,,,,,,,,,,,,,,,,,,,,,,,,,,,,,,,,,,,,,,,"","","","",,,,,,,,,,,,,,,,,,,,,,,,,,,,,,,
"08093b0c5640ee2b196c340cd0412608","2026-03-09 17:10:20 UTC","",,,,,,,"2026-03-09 17:10:20 UTC",,,,"",,"","","","","","","","","","","","","","","","","","","","","","","","","","","","","","","","","","","","","","","","","","","","","","","","","","","","","","","","","","","","","","","","","","","","","","","","","","","","","","","","","","","","","","","","","","","","","","","","","","","","","","","","","","","","","","","","","","","","","","","","","","","","","","","","","","","","","","","","","","","","","","","","","","","","","","",,"","",,,,,,,,,"","","","","","","","","","","","","","","","","","","","","","","","","","","","","","","","","","","","","","","","","","","","","","","","","","","","","","","","","","","","","","","","","","","","","","","","","","","","","","","","","","","","","","","","","","","","","","","","","","","","","","","","","","","","","","","","","","","","","","","","","","","","","","","","","","","","","","","","","","","","","","","","","","","","","","","","","","","","","","","","","","","","","","","","","","","","","","","","","","","","","","","","","","","","","","","","","","","","","","","","","","","","","","","","","","","","","","","","","","","","","","","","","","","","","","","","","Electron v31, Windows","127.0.0.1","","","","","","","","","","","","","","","","","","","","","","","","","","","","","","","","","","","","","","","","","","","","","","","","","","","","","","","","","","","","","","","","","","","","","","","","","","","","","","","","","","","","","","","","","","","","","","","","","","","","","","","","","","","","","","","","",""
